year,station_id,observed_intervals,recorded_rainfall_mm,mean_mm_per_observed_interval,rainy_intervals,mean_positive_rainfall_mm,max_five_min_rainfall_mm,exceed_0p0_mm_intervals,exceed_0p2_mm_intervals,exceed_1p0_mm_intervals,exceed_5p0_mm_intervals,exceed_10p0_mm_intervals,rainy_fraction,exceed_0p0_mm_fraction,exceed_0p2_mm_fraction,exceed_1p0_mm_fraction,exceed_5p0_mm_fraction,exceed_10p0_mm_fraction,calendar_expected_intervals,calendar_coverage_pct,calendar_extrapolated_rainfall_mm,station_name,latitude,longitude
2017,S06,24507,684.8000000000008,0.02794303668339661,863,0.7935110081112408,9.0,863,416,160,21,0,0.035214428530623905,0.035214428530623905,0.01697474191047456,0.0065287468886440604,0.000856898029134533,0.0,105120,23.313356164383563,2937.3720161586516,Paya Lebar,1.3524,103.9007
2017,S900,99739,2787.5999899999942,0.02794894665075842,3053,0.9130691090730411,11.8,3053,1515,654,85,6,0.03060989181764405,0.03060989181764405,0.015189644973380522,0.00655711406771674,0.0008522243054371911,6.015700979556643e-05,105120,94.88108828006088,2937.993271927725,Seletar Aerospace View,1.41284,103.86922
2017,S29,99870,1610.9999999999984,0.016130970261339726,2071,0.7778850796716554,11.0,2071,940,364,45,1,0.020736958045459098,0.020736958045459098,0.009412235906678681,0.0036447381596074898,0.0004505857614899369,1.0013016921998598e-05,105120,95.00570776255708,1695.6875938720318,Pasir Ris Drive 12,1.387,103.935
2017,S123,103157,2320.199999999993,0.022491929776941876,3025,0.7670082644628076,11.6,3025,1384,544,47,2,0.029324233934682087,0.029324233934682087,0.013416442897719011,0.005273515127427126,0.0004556161966710936,1.9387923262599727e-05,105120,98.1326103500761,2364.35165815213,Towner Road,1.3214,103.8577
2017,S89,95311,2066.3999899999953,0.02168060339310253,2298,0.8992167058311555,11.2,2298,1121,514,61,3,0.024110543379043343,0.024110543379043343,0.011761496574372319,0.005392871756670269,0.0006400100722896623,3.147590519457355e-05,105120,90.6687595129376,2279.065028682938,Tuas Road,1.31985,103.66162
2017,S108,87474,1858.0000099999966,0.02124059732034658,2453,0.7574398736241323,10.0,2453,1093,437,42,0,0.02804261837803233,0.02804261837803233,0.012495141413448568,0.004995770171708165,0.0004801426709650868,0.0,105120,83.21347031963471,2232.8115903148323,Marina Gardens Drive,1.2799,103.8703
2017,S110,27573,649.6000000000009,0.023559279004823592,879,0.7390216154721285,11.0,879,394,143,16,1,0.03187901207703188,0.03187901207703188,0.014289341022014289,0.005186232909005186,0.0005802778080005803,3.626736300003627e-05,105120,26.230022831050228,2476.551408987056,Serangoon North Avenue 4,1.36061,103.8697
2017,S122,92478,2177.399999999998,0.02354505936547068,2634,0.8266514806378124,13.6,2634,1290,468,74,7,0.028482449879971453,0.028482449879971453,0.013949263608642055,0.005060663076623629,0.0008001903155345055,7.569367849650728e-05,105120,87.97374429223744,2475.0566404982783,Sembawang Road,1.41731,103.8249
2017,S117,100308,2243.9999799999955,0.022371096821788845,2592,0.8657407330246896,12.0,2592,1270,538,69,1,0.02584041153247996,0.02584041153247996,0.012661004107349364,0.005363480480121227,0.0006878813255174064,9.969294572716035e-06,105120,95.42237442922375,2351.649697906443,Banyan Road,1.256,103.679
2017,S35,102225,2563.000009999994,0.02507214487649786,2982,0.8594902783366847,10.4,2982,1386,610,73,1,0.02917094644167278,0.02917094644167278,0.013558327219369039,0.005967229151381756,0.0007141110295915872,9.782342871117632e-06,105120,97.24600456621005,2635.5838694174554,Old Toh Tuck Road,1.3329,103.7556
2017,S64,103415,2636.3999699999918,0.025493400087027916,3181,0.828795966677143,13.4,3181,1516,635,67,6,0.03075956099211913,0.03075956099211913,0.014659382101242567,0.006140308465889861,0.0006478750664797177,5.801866266982546e-05,105120,98.37804414003044,2679.8662171483743,Bukit Panjang Road,1.3824,103.7603
2017,S79,101777,2290.1999999999935,0.02250213702506454,2839,0.8066924973582225,10.0,2839,1275,544,63,0,0.027894317969678808,0.027894317969678808,0.01252738830973599,0.005345019012154023,0.0006190003635398961,0.0,105120,96.81982496194826,2365.4246440747843,Somerset Road,1.3004,103.8372
2017,S63,93888,2142.2000099999955,0.022816547482106292,2663,0.8044310965076964,10.4,2663,1210,498,59,1,0.02836358214042263,0.02836358214042263,0.012887695978186776,0.005304192229038855,0.0006284083162917519,1.0650988411724608e-05,105120,89.31506849315069,2398.475471319013,International Road,1.3275,103.7042
2017,S92,98649,2459.9999799999937,0.02493689728228359,2960,0.8310810743243222,10.2,2960,1389,613,67,1,0.030005372583604497,0.030005372583604497,0.014080223823860353,0.006213950470861336,0.0006791756632099666,1.013695019716368e-05,105120,93.84417808219177,2621.366642313651,South Buona Vista Road,1.2841,103.7886
2017,S112,100452,2043.7999999999952,0.020346035917652164,2485,0.8224547283702194,12.0,2485,1106,472,65,2,0.02473818341098236,0.02473818341098236,0.011010233743479474,0.004698761597578943,0.0006470752200055748,1.99100067694023e-05,105120,95.55936073059361,2138.7752956635954,Lim Chu Kang Road,1.43854,103.70131
2017,S72,33,0.0,0.0,0,,0.0,0,0,0,0,0,0.0,0.0,0.0,0.0,0.0,0.0,105120,0.03139269406392694,0.0,Prince Edward Road,1.274,103.8482
2017,S90,98660,2564.200009999993,0.025990269714169806,2959,0.8665765495099673,11.8,2959,1361,591,76,1,0.02999189134400973,0.02999189134400973,0.01379485100344618,0.005990269612811677,0.0007703223190756132,1.0135819987837015e-05,105120,93.85464231354642,2732.09715235353,Bukit Timah Road,1.3191,103.8191
2017,S100,100413,2205.199999999995,0.021961299831695046,2856,0.7721288515406144,13.8,2856,1321,516,47,3,0.028442532341429894,0.028442532341429894,0.013155667094898071,0.0051387768516028805,0.00046806688377002976,2.9876609602342326e-05,105120,95.5222602739726,2308.5718383077833,Woodlands Road,1.4172,103.74855
2017,S109,95840,2455.800009999993,0.02562395669866437,2891,0.8494638567969537,11.4,2891,1367,605,75,2,0.03016485809682805,0.03016485809682805,0.014263355592654424,0.006312604340567613,0.0007825542570951586,2.0868113522537563e-05,105120,91.17199391171994,2693.5903281635988,Ang Mo Kio Avenue 5,1.3764,103.8492
2017,S33,98129,2693.9999999999914,0.027453657940058405,2981,0.9037235826903695,14.8,2981,1401,640,84,11,0.03037837948007215,0.03037837948007215,0.014277125008916834,0.006522027127556584,0.0008560160604918016,0.00011209734125487879,105120,93.34950532724505,2885.92852265894,Jurong Pier Road,1.3081,103.71
2017,S91,91077,2533.2000099999955,0.02781382796973984,2757,0.918824813202755,12.4,2757,1290,585,88,4,0.030271089298066472,0.030271089298066472,0.014163839388649164,0.006423136466945552,0.0009662154001559121,4.3918881825268726e-05,105120,86.64098173515981,2923.7895961790523,Yishun Avenue 5,1.4301,103.8308
2017,S96,30633,514.2000000000003,0.01678581921457253,743,0.6920592193808887,9.8,743,319,107,12,0,0.02425488851891751,0.02425488851891751,0.010413606241634838,0.0034929651029935037,0.0003917344040740378,0.0,105120,29.140981735159816,1764.5253158358641,Tanah Merah Coast Road,1.3175,104.0307
2017,S24,100367,1987.9999999999952,0.019807307182639664,2776,0.7161383285302576,11.4,2776,1294,486,40,1,0.027658493329480806,0.027658493329480806,0.012892683850269511,0.004842229019498441,0.00039853736785995395,9.96343419649885e-06,105120,95.47850076103501,2082.1441310390815,Upper Changi Road North,1.3678,103.9826
2017,S44,82444,1903.6000199999962,0.023089612585512544,2508,0.7590111722488023,12.4,2508,1138,441,48,3,0.030420649167920043,0.030420649167920043,0.01380330891271651,0.0053490854398136915,0.0005822133812042114,3.638833632526321e-05,105120,78.42846270928463,2427.180074989079,Nanyang Avenue,1.34583,103.68166
2017,S66,98640,2254.800019999994,0.022858880981346252,2863,0.7875654977296522,12.6,2863,1322,517,64,1,0.029024736415247363,0.029024736415247363,0.013402270884022708,0.005241281427412814,0.0006488240064882401,1.0137875101378751e-05,105120,93.83561643835617,2402.9255687591176,Kranji Way,1.4387,103.7363
2017,S113,100931,2047.8000199999956,0.02028910859894379,2602,0.7870099999999983,8.60001,2602,1188,492,49,0,0.025779988308844655,0.025779988308844655,0.011770417413876806,0.004874617312817667,0.0004854801795285888,0.0,105120,96.0150304414003,2132.791095920971,Marine Parade Road,1.30648,103.9104
2017,S78,102597,2216.0000299999947,0.021599072390030845,2837,0.7811068135354229,9.8,2837,1301,529,54,0,0.027651880659278535,0.027651880659278535,0.012680682671033266,0.005156096182149576,0.0005263311792742478,0.0,105120,97.59988584474885,2270.4944896400425,Poole Road,1.30703,103.89067
2017,S81,102396,2606.999989999992,0.025459978807765852,3088,0.8442357480569922,13.2,3088,1479,652,57,6,0.03015742802453221,0.03015742802453221,0.014443923590765264,0.006367436227977656,0.0005566623696238134,5.8596038907769834e-05,105120,97.40867579908675,2676.3529722723465,Punggol Central,1.4029,103.9092
2017,S88,101400,2411.9999899999925,0.02378698214990131,2989,0.8069588457678128,10.4,2989,1423,570,68,2,0.029477317554240632,0.029477317554240632,0.01403353057199211,0.005621301775147929,0.0006706114398422091,1.972386587771203e-05,105120,96.46118721461187,2500.4875635976255,Toa Payoh North,1.3427,103.8482
2017,S115,98688,2203.799999999995,0.022330982490272325,2634,0.8366742596810915,12.0,2634,1203,489,72,11,0.026690175097276263,0.026690175097276263,0.012189931906614786,0.004955009727626459,0.0007295719844357977,0.00011146238651102464,105120,93.88127853881278,2347.4328793774266,Tuas South Avenue 3,1.29377,103.61843
2017,S55,103326,2671.599999999993,0.02585602849234455,3070,0.8702280130293137,13.4,3070,1486,630,81,7,0.029711785997715966,0.029711785997715966,0.01438166579563711,0.006097206898554091,0.0007839266012426688,6.774674331726768e-05,105120,98.29337899543378,2717.985715115259,Buangkok Green,1.3837,103.886
2017,S36,76438,1745.3999999999978,0.022834192417383995,2174,0.802851885924562,14.6,2174,989,411,48,2,0.028441351160417593,0.028441351160417593,0.012938590753290248,0.005376906774117586,0.0006279599152254114,2.6164996467725478e-05,105120,72.71499238964992,2400.3303069154053,Upper Serangoon Road,1.3382,103.8657
2017,S46,99635,2429.400009999992,0.024382998042856346,3111,0.7809064641594318,15.0,3111,1381,544,69,2,0.03122396748130677,0.03122396748130677,0.013860591157725699,0.0054599287399006375,0.0006925277262006324,2.0073267426105284e-05,105120,94.78215372907154,2563.140754265059,Sime Road,1.3416,103.8106
2017,S08,88877,2223.1999799999944,0.025014345443703033,2771,0.802309628293033,13.8,2771,1272,539,53,4,0.03117792004680626,0.03117792004680626,0.014311914218526728,0.006064561135051813,0.0005963297591052803,4.50060195551155e-05,105120,84.54813546423135,2629.5079930420625,Upper Thomson Road,1.3701,103.8271
2017,S102,91430,1599.5999899999981,0.01749535152575739,2049,0.7806734943875052,9.4,2049,937,392,37,0,0.022410587334572896,0.022410587334572896,0.010248277370666083,0.0042874330088592365,0.0004046811768566116,0.0,105120,86.97678843226788,1839.1113523876165,Semakau Landfill,1.189,103.768
2017,S116,102728,1988.399999999996,0.019355969161280236,2702,0.7358993338267935,10.4,2702,1274,491,37,1,0.026302468655089166,0.026302468655089166,0.012401682111985049,0.004779612179736781,0.00036017444124289384,9.73444435791605e-06,105120,97.72450532724505,2034.6994782337783,West Coast Highway,1.281,103.754
2017,S43,99954,2590.999999999993,0.025921924085079068,2952,0.8777100271002687,12.4,2952,1432,631,76,6,0.02953358544930668,0.02953358544930668,0.014326590231506493,0.006312903935810472,0.0007603497608900094,6.002761270184285e-05,105120,95.08561643835617,2724.9126598235116,Kim Chuan Road,1.3399,103.8878
2017,S77,103149,2435.5999999999926,0.023612444134213543,2975,0.8186890756302496,11.8,2975,1345,575,70,4,0.028841772581411355,0.028841772581411355,0.013039389620839757,0.005574460246827405,0.0006786299430920319,3.877885389097325e-05,105120,98.125,2482.1401273885276,Alexandra Road,1.2937,103.8125
2017,S103,45,0.0,0.0,0,,0.0,0,0,0,0,0,0.0,0.0,0.0,0.0,0.0,0.0,105120,0.04280821917808219,0.0,Dairy Farm Road,1.364,103.777
2017,S104,81187,1945.4000199999969,0.023961964600243843,2440,0.7972950901639332,11.8,2440,1136,451,52,2,0.030054072696367645,0.030054072696367645,0.01399238794388264,0.005555076551664676,0.0006404966312340645,2.463448581669479e-05,105120,77.23268645357686,2518.8817187776326,Woodlands Avenue 9,1.44387,103.78538
2017,S111,31545,806.400000000001,0.025563480741797463,982,0.8211812627291253,9.39999,982,464,195,18,0,0.031130131558091616,0.031130131558091616,0.014709145664923125,0.006181645268663814,0.0005706134094151213,0.0,105120,30.008561643835616,2687.2330955777493,Scotts Road,1.31055,103.8365
2017,S24B,32648,0.0,0.0,0,,0.0,0,0,0,0,0,0.0,0.0,0.0,0.0,0.0,0.0,105120,31.057838660578387,0.0,Upper Changi Road North,1.3678,103.998
2017,S101,94713,2301.2000199999934,0.02429655928964338,2832,0.8125706285310711,12.8,2832,1296,558,58,1,0.029900858382692977,0.029900858382692977,0.013683443666656109,0.005891482689810269,0.0006123763369336838,1.055821270575317e-05,105120,90.09988584474885,2554.054312527312,Corporation Road,1.35053,103.7134
2017,S07,97287,2414.8000099999917,0.024821404812564802,2949,0.8188538521532694,11.2,2949,1357,573,65,1,0.030312374726325204,0.030312374726325204,0.013948420652296813,0.005889790002775294,0.00066812626558533,1.0278865624389692e-05,105120,92.54851598173516,2609.226073896812,Lornie Road,1.3415,103.8334
2017,S60,43377,825.3999900000011,0.019028517186527448,978,0.8439672699386515,9.39999,978,468,195,18,0,0.022546510823708416,0.022546510823708416,0.010789127878829794,0.004495469949512414,0.000414966456878069,0.0,105120,41.26426940639269,2000.2777266477653,Sentosa,1.25,103.8279
2017,S106,87783,2170.7999999999975,0.02472916168278593,2569,0.8449980537173988,12.0,2569,1266,548,43,2,0.029265347504642127,0.029265347504642127,0.014421926796760192,0.006242666575532848,0.0004898442750874315,2.2783454655229374e-05,105120,83.5074200913242,2599.529476094457,Pulau Ubin,1.4168,103.9673
2017,S118,94766,2289.4000199999937,0.024158453664816427,2740,0.8355474525547422,11.6,2740,1251,546,64,4,0.028913323343815293,0.028913323343815293,0.013200937044931726,0.005761560053183631,0.0006753476985416711,4.220923115885444e-05,105120,90.15030441400305,2539.536649245503,Handy Road,1.2994,103.8461
2017,S119,100584,2321.199999999993,0.023077228982740724,2839,0.8176118351532204,11.2,2839,1284,563,57,2,0.02822516503618866,0.02822516503618866,0.012765449773323789,0.0055973116996739045,0.0005666905273204486,1.9883878151594687e-05,105120,95.68493150684931,2425.8783106657047,Nicoll Highway,1.30105,103.8666
2017,S61,103209,2555.999989999993,0.024765282000600655,2871,0.8902821281783326,11.8,2871,1397,614,84,3,0.027817341510914747,0.027817341510914747,0.013535641271594531,0.005949093586799601,0.0008138825102461995,2.9067232508792836e-05,105120,98.18207762557077,2603.326443903141,Chai Chee Street,1.323,103.9217
2017,S50,90012,2344.1999799999935,0.02604319401857523,2842,0.824841653764952,10.8,2842,1356,588,59,2,0.031573567968715285,0.031573567968715285,0.015064658045593921,0.006532462338354886,0.0006554681598009154,2.221925965426832e-05,105120,85.62785388127854,2737.6605552326278,Clementi Road,1.3337,103.7768
2017,S71,95419,2282.5999799999945,0.023921860216518664,2628,0.8685692465753404,11.4,2628,1232,555,59,2,0.027541684570158983,0.027541684570158983,0.012911474653894927,0.005816451650090653,0.0006183254907303577,2.09601861264528e-05,105120,90.77149923896499,2514.665945960442,Kent Ridge Road,1.2923,103.7815
2017,S114,101040,2533.7999999999915,0.025077197149643623,2999,0.8448816272090669,12.4,2999,1389,599,75,1,0.029681314330958036,0.029681314330958036,0.013747030878859857,0.005928345209817894,0.0007422802850356294,9.897070467141727e-06,105120,96.11872146118722,2636.1149643705376,Choa Chu Kang Avenue 4,1.38,103.73
2017,S120,102182,2657.999989999992,0.026012409132723884,3098,0.8579728825048393,12.2,3098,1398,627,82,3,0.03031845139065589,0.03031845139065589,0.013681470317668474,0.0061361100780959466,0.0008024896752852753,2.9359378364095437e-05,105120,97.20509893455099,2734.4244480319353,Holland Road,1.30874,103.818
2017,S94,103020,2439.000009999994,0.023675014657348028,2880,0.8468750034722201,12.2,2880,1396,564,70,5,0.027955736750145604,0.027955736750145604,0.01355076684139002,0.00547466511357018,0.00067947971267715,4.8534265191225004e-05,105120,98.00228310502283,2488.7175407804248,Pasir Ris Street 51,1.3662,103.9528
2017,S121,89395,2277.799969999994,0.025480171933553265,2757,0.8261878745012674,10.8,2757,1291,551,60,1,0.030840651043123217,0.030840651043123217,0.014441523575144024,0.0061636556854410204,0.0006711784775434868,1.1186307959058112e-05,105120,85.04090563165906,2678.475673655119,Old Choa Chu Kang Road,1.37288,103.72244
2017,S69,95929,2613.200009999996,0.027240980412596774,2677,0.9761673552484109,18.0,2677,1532,593,90,11,0.0279060555202285,0.0279060555202285,0.015970144586100136,0.006181655182478708,0.0009381938725515746,0.00011466813997852578,105120,91.2566590563166,2863.5718609721725,Upper Peirce Reservoir Park,1.37,103.805
2017,S107,98641,2069.600019999996,0.02098113380845689,2427,0.852740016481251,10.4,2427,1165,485,69,1,0.024604373434981397,0.024604373434981397,0.011810504759684107,0.004916819578065916,0.0006995062904877282,1.0137772325909104e-05,105120,93.83656773211568,2205.5367859449884,East Coast Parkway,1.3135,103.9625
2017,S84,96444,2155.6000199999958,0.022350794450665627,2582,0.8348567079783098,14.0,2582,1202,466,65,6,0.026772012774252417,0.026772012774252417,0.012463191074613246,0.004831819501472357,0.0006739662394757579,6.221226825930074e-05,105120,91.74657534246575,2349.5155126539707,Simei Avenue,1.3437,103.9444
2017,S40,100492,2842.999989999992,0.028290809119133783,3108,0.914736161518659,13.8,3108,1481,661,101,9,0.030927835051546393,0.030927835051546393,0.014737491541615253,0.00657763802093699,0.001005055128766469,8.955936790988337e-05,105120,95.59741248097413,2973.9298546033433,Mandai Lake Road,1.4044,103.78962
2017,S11,102870,2306.5999799999936,0.022422474773986522,2801,0.8234916029989267,10.6,2801,1295,551,66,4,0.02722854087683484,0.02722854087683484,0.012588704189754059,0.005356274910080685,0.0006415864683581219,3.888402838534072e-05,105120,97.85958904109589,2357.0505482414633,Choa Chu Kang Road,1.3746,103.6938
2017,S82,14818,351.19999,0.023700903630719396,429,0.8186479953379954,8.39999,429,210,89,9,0,0.028951275475772708,0.028951275475772708,0.014171953030098529,0.006006208665136996,0.0006073694155756512,0.0,105120,14.09627092846271,2491.4389896612233,Tuas West Road,1.3247,103.6351
2017,S97,6,0.0,0.0,0,,0.0,0,0,0,0,0,0.0,0.0,0.0,0.0,0.0,0.0,105120,0.005707762557077625,0.0,Pioneer Sector 2,1.29389,103.66407
2018,S24,88145,1505.2000199999984,0.01707640841794768,2123,0.7089967121997166,8.60001,2123,942,350,26,0,0.024085313971297293,0.024085313971297293,0.010686936298145102,0.003970730047081514,0.00029496851778319815,0.0,105120,83.85178843226788,1795.0720528946601,Upper Changi Road North,1.3678,103.9826
2018,S43,86110,1959.1999899999946,0.022752293461851057,2465,0.79480729817444,12.0,2465,1126,484,38,2,0.028626175821623506,0.028626175821623506,0.013076297758680758,0.005620717686679828,0.0004412960167227964,2.3226106143305074e-05,105120,81.91590563165906,2391.721088709783,Kim Chuan Road,1.3399,103.8878
2018,S46,80573,2270.5999799999945,0.028180655802812288,2370,0.9580590632911369,10.8,2370,1228,566,63,1,0.029414319933476474,0.029414319933476474,0.01524083750139625,0.007024685688754298,0.0007818996438012734,1.241110545716307e-05,105120,76.64859208523592,2962.350537991628,Sime Road,1.3416,103.8106
2018,S107,86088,1121.6000100000008,0.01302852906328409,1740,0.6445977068965522,9.2,1740,703,246,17,0,0.020211876219682186,0.020211876219682186,0.008166062633584239,0.0028575411207136885,0.00019747235387045813,0.0,105120,81.89497716894977,1369.5589751324235,East Coast Parkway,1.3135,103.9625
2018,S60,82740,1692.200019999997,0.020452018612521116,2154,0.7856081801299893,13.0,2154,948,396,45,2,0.026033357505438722,0.026033357505438722,0.011457577955039884,0.004786076867295141,0.0005438723712835388,2.4172105390379503e-05,105120,78.71004566210046,2149.9161965482194,Sentosa,1.25,103.8279
2018,S900,87074,2521.8000099999936,0.028961573029836617,2713,0.9295245152967171,11.8,2713,1274,566,101,6,0.031157406344029217,0.031157406344029217,0.014631233203941475,0.006500218205204768,0.001159932930610745,6.890690676895514e-05,105120,82.83295281582953,3044.4405568964253,Seletar Aerospace View,1.41284,103.86922
2018,S120,87759,2548.1999899999923,0.029036338039403278,2900,0.8786896517241353,11.4,2900,1399,624,64,2,0.03304504381317016,0.03304504381317016,0.01594138492918105,0.007110381841178683,0.0007292699324285829,2.2789685388393214e-05,105120,83.48458904109589,3052.2998547020725,Holland Road,1.30874,103.818
2018,S123,88216,2266.200019999994,0.025689217602248956,2661,0.8516347313040188,10.2,2661,1226,544,61,1,0.030164595991656842,0.030164595991656842,0.01389770563163145,0.006166681781082797,0.0006914845379522989,1.133581209757867e-05,105120,83.9193302891933,2700.45055434841,Towner Road,1.3214,103.8577
2018,S40,88271,2442.6000099999915,0.02767160233825369,2982,0.8191146914822238,14.6,2982,1260,541,77,5,0.03378232941736244,0.03378232941736244,0.014274223697477087,0.006128853190742146,0.0008723136704013775,5.664374483125828e-05,105120,83.97165144596651,2908.838837797228,Mandai Lake Road,1.4044,103.78962
2018,S08,86174,2613.2000299999895,0.030324692250562692,2850,0.9169122912280665,11.6,2850,1316,617,86,3,0.03307262051198737,0.03307262051198737,0.015271427576763292,0.0071599322301390215,0.0009979808294845313,3.4813284749460393e-05,105120,81.97678843226788,3187.7316493791504,Upper Thomson Road,1.3701,103.8271
2018,S106,77073,1511.4000199999994,0.01960998040818444,1783,0.8476724733595061,10.0,1783,799,352,46,0,0.02313391200550128,0.02313391200550128,0.010366795116318295,0.004567098724585782,0.000596836765144733,0.0,105120,73.31906392694064,2061.4011405083484,Pulau Ubin,1.4168,103.9673
2018,S55,88273,2207.200009999995,0.025004248297893977,2673,0.8257388739244276,12.4,2673,1201,529,64,4,0.030281059893738742,0.030281059893738742,0.013605519241444156,0.005992772421918367,0.0007250235066215037,4.5313969163843984e-05,105120,83.97355403348554,2628.4465810746146,Buangkok Green,1.3837,103.886
2018,S81,88248,2229.8000099999936,0.025267428270329,2609,0.85465696052127,12.0,2609,1188,548,68,2,0.029564409391714258,0.029564409391714258,0.013462061463149306,0.006209772459432508,0.0007705557066449098,2.2663403136614995e-05,105120,83.94977168949772,2656.1120597769846,Punggol Central,1.4029,103.9092
2018,S89,88273,2653.9999899999916,0.030065818426925465,2849,0.9315549280449251,10.8,2849,1398,650,87,3,0.03227487453694788,0.03227487453694788,0.015837232222763474,0.007363519989124647,0.0009855788293136067,3.3985476872882986e-05,105120,83.97355403348554,3160.5188330384053,Tuas Road,1.31985,103.66162
2018,S91,82710,1843.1999699999956,0.022285092129125807,2284,0.8070052408056023,9.60001,2284,1064,437,57,0,0.027614556885503568,0.027614556885503568,0.012864224398500787,0.0052835207350985375,0.0006891548784911135,0.0,105120,78.68150684931507,2342.608884613705,Yishun Avenue 5,1.4301,103.8308
2018,S07,85559,2347.3999999999937,0.027436038289367498,2870,0.817909407665503,9.8,2870,1271,554,63,0,0.0335441040685375,0.0335441040685375,0.014855246087495179,0.006475063990930235,0.0007363339917483842,0.0,105120,81.39174277016743,2884.076344978311,Lornie Road,1.3415,103.8334
2018,S11,84768,2708.0000499999887,0.0319460179548885,2953,0.9170335421605109,11.0,2953,1308,632,101,6,0.03483625896564741,0.03483625896564741,0.01543035107587769,0.007455643639109098,0.0011914873537183842,7.078142695356739e-05,105120,80.6392694063927,3358.165407417879,Choa Chu Kang Road,1.3746,103.6938
2018,S69,81615,2493.000019999992,0.030545855786313695,2508,0.9940191467304594,12.4,2508,1347,587,102,7,0.030729645285793052,0.030729645285793052,0.01650431905899651,0.007192305336028916,0.0012497702628193347,8.576854744838572e-05,105120,77.6398401826484,3210.9803602572956,Upper Peirce Reservoir Park,1.37,103.805
2018,S77,88234,2156.799989999994,0.024444091733345354,2624,0.8219512157012172,11.4,2624,1228,530,51,3,0.02973910284017499,0.02973910284017499,0.01391753745721604,0.006006754765736564,0.0005780084774576694,3.4000498673980554e-05,105120,83.93645357686454,2569.5629230092636,Alexandra Road,1.2937,103.8125
2018,S88,88250,2496.4000099999917,0.028287818810198206,2778,0.8986321130309545,10.4,2778,1329,608,74,1,0.03147875354107649,0.03147875354107649,0.015059490084985836,0.006889518413597734,0.0008385269121813031,1.13314447592068e-05,105120,83.95167427701675,2973.6155133280354,Toa Payoh North,1.3427,103.8482
2018,S35,83682,2731.6000099999915,0.03264262338376224,2457,1.1117623158323124,12.2,2457,1268,660,121,9,0.029361152936115294,0.029361152936115294,0.015152601515260152,0.007887000788700079,0.0014459501445950144,0.00010755001075500108,105120,79.60616438356165,3431.392570101086,Old Toh Tuck Road,1.3329,103.7556
2018,S71,80844,2299.000019999993,0.028437484785512755,2422,0.9492155326176686,12.6,2422,1206,569,76,5,0.029958933254168523,0.029958933254168523,0.014917619118301915,0.007038246499431003,0.000940082133491663,6.184750878234624e-05,105120,76.90639269406392,2989.3484006531007,Kent Ridge Road,1.2923,103.7815
2018,S111,86481,2231.399979999994,0.025802199095755065,2552,0.8743730329153581,11.6,2552,1233,518,68,3,0.0295093720007863,0.0295093720007863,0.014257466958060152,0.005989754975081232,0.0007862998808986946,3.468970062788358e-05,105120,82.26883561643835,2712.3271689457724,Scotts Road,1.31055,103.8365
2018,S113,87005,1462.000019999997,0.016803632205045653,2109,0.6932195448079644,10.0,2109,841,338,28,0,0.024239986207689215,0.024239986207689215,0.009666111143037757,0.003884834204930751,0.0003218205850238492,0.0,105120,82.76731354642314,1766.397817394399,Marine Parade Road,1.30648,103.9104
2018,S79,86922,1983.0000099999954,0.022813557097167522,2459,0.8064253802358664,11.4,2459,1100,474,48,1,0.028289731023216216,0.028289731023216216,0.012655024044545684,0.005453164906467868,0.0005522192310347208,1.150456731322335e-05,105120,82.68835616438356,2398.16112205425,Somerset Road,1.3004,103.8372
2018,S36,67350,1455.8000099999986,0.021615441870824034,1516,0.9602902440633236,13.0,1516,768,367,37,6,0.02250927988121752,0.02250927988121752,0.011403118040089087,0.005449146250927988,0.0005493689680772086,8.908685968819599e-05,105120,64.06963470319634,2272.2152494610223,Upper Serangoon Road,1.3382,103.8657
2018,S115,84369,2088.600029999994,0.024755538527184085,2445,0.854233141104292,9.60001,2445,1109,486,65,0,0.028979838566298047,0.028979838566298047,0.013144638433547868,0.005760409629129182,0.0007704251561592528,0.0,105120,80.25970319634703,2602.3022099775912,Tuas South Avenue 3,1.29377,103.61843
2018,S116,87535,2086.5999899999933,0.02383732209973146,2448,0.8523692769607816,10.0,2448,1196,517,51,0,0.027965956474553036,0.027965956474553036,0.01366310618609699,0.005906208944993431,0.0005826240932198549,0.0,105120,83.27149923896499,2505.779299123771,West Coast Highway,1.281,103.754
2018,S215,66099,1453.2119000000025,0.021985384045144444,1527,0.9516777341191895,13.7835,1527,1527,433,43,4,0.023101711069758998,0.023101711069758998,0.023101711069758998,0.006550779890769905,0.0006505393425013994,6.051528767454878e-05,105120,62.87956621004566,2311.103570825584,GEYLANG EAST CENTRAL,1.32785,103.88899
2018,S117,80163,2222.3999899999944,0.027723513216820657,2581,0.8610616001549766,10.2,2581,1275,545,55,1,0.032196898818656984,0.032196898818656984,0.015905093372254032,0.0067986477551987825,0.0006861020670384093,1.2474583037061987e-05,105120,76.25856164383562,2914.2957093521873,Banyan Road,1.256,103.679
2018,S44,87682,2606.1999999999903,0.02972331835496442,2865,0.9096684118673614,13.6,2865,1381,640,77,4,0.032674893364658654,0.032674893364658654,0.015750096941219406,0.007299103578841723,0.0008781733993293949,4.561939736776077e-05,105120,83.41133942161339,3124.51522547386,Nanyang Avenue,1.34583,103.68166
2018,S50,82681,2576.799999999994,0.031165564035268004,2578,0.9995345228859557,13.0,2578,1322,628,76,5,0.03118007764782719,0.03118007764782719,0.015989163169289194,0.007595457239268998,0.0009191954620771398,6.047338566296973e-05,105120,78.6539193302892,3276.1240913873726,Clementi Road,1.3337,103.7768
2018,S92,85977,2020.5999799999943,0.023501633925352063,2452,0.8240619820554625,13.8,2452,1173,508,52,4,0.028519255149633042,0.028519255149633042,0.01364318364213685,0.005908556939646649,0.0006048129150819405,4.65240703909185e-05,105120,81.78938356164383,2470.491758233009,South Buona Vista Road,1.2841,103.7886
2018,S112,83280,2415.99999999999,0.029010566762728025,2754,0.8772694262890305,11.0,2754,1212,549,97,3,0.03306916426512968,0.03306916426512968,0.014553314121037464,0.006592219020172911,0.001164745437079731,3.602305475504323e-05,105120,79.22374429223744,3049.59077809797,Lim Chu Kang Road,1.43854,103.70131
2018,S114,87928,2481.5999899999906,0.028223091506687184,2802,0.8856531013561708,12.4,2802,1312,561,89,2,0.0318669820762442,0.0318669820762442,0.014921299244836685,0.006380220180147393,0.0010121917932854154,2.2745882995177874e-05,105120,83.64535768645358,2966.8113791829564,Choa Chu Kang Avenue 4,1.38,103.73
2018,S121,87626,2630.19997999999,0.030016205007646016,2850,0.9228771859649088,12.2,2850,1358,642,74,1,0.03252459315728209,0.03252459315728209,0.015497683335996165,0.007326592563850912,0.0008444982082943419,1.1412137949923539e-05,105120,83.35806697108067,3155.303470403749,Old Choa Chu Kang Road,1.37288,103.72244
2018,S64,88265,2365.400069999992,0.026798845182121927,2809,0.8420790566037707,13.0,2809,1260,538,75,10,0.031824619044921544,0.031824619044921544,0.014275194018013936,0.006095281255310712,0.0008497139296436867,0.00011329519061915821,105120,83.96594368340944,2817.094605544657,Bukit Panjang Road,1.3824,103.7603
2018,S33,85802,2837.800019999989,0.03307382135614542,2694,1.0533778841870785,11.6,2694,1407,704,104,3,0.03139786951353115,0.03139786951353115,0.016398219155730635,0.008204936947856694,0.0012120929582061025,3.4964219948252956e-05,105120,81.62290715372907,3476.7201009580067,Jurong Pier Road,1.3081,103.71
2018,S105,5760,81.0,0.0140625,87,0.9310344827586207,5.4,87,54,15,1,0,0.015104166666666667,0.015104166666666667,0.009375,0.0026041666666666665,0.00017361111111111112,0.0,105120,5.47945205479452,1478.25,Admiralty Road West,1.45817,103.79525
2018,S29,83571,1275.4,0.0152612748441445,1776,0.7181306306306307,8.2,1776,818,305,14,0,0.021251391032774528,0.021251391032774528,0.009788084383338717,0.0036495913654258057,0.0001675222266097091,0.0,105120,79.50057077625571,1604.26521161647,Pasir Ris Drive 12,1.387,103.935
2018,S84,84327,1104.8000200000006,0.013101379392128269,1579,0.6996833565547819,8.60001,1579,670,277,20,0,0.018724726362849383,0.018724726362849383,0.007945260711278712,0.0032848316672003035,0.00023717196153070783,0.0,105120,80.21974885844749,1377.2170017005237,Simei Avenue,1.3437,103.9444
2018,S90,88261,2486.999989999993,0.028177790756959392,2564,0.9699687948517913,13.0,2564,1376,630,66,3,0.029050203374083684,0.029050203374083684,0.015590124743658014,0.007137920485831794,0.0007477821461347594,3.399009755157997e-05,105120,83.96213850837138,2962.0493643715713,Bukit Timah Road,1.3191,103.8191
2018,S100,82021,1923.1999999999953,0.023447653649675024,2183,0.8809894640403093,11.4,2183,1039,465,62,3,0.026615135148315674,0.026615135148315674,0.012667487594640398,0.005669279818583046,0.0007559039758110727,3.657599882956804e-05,105120,78.02606544901066,2464.8173516538386,Woodlands Road,1.4172,103.74855
2018,S109,79812,2239.799999999995,0.028063449105397625,2496,0.8973557692307673,14.6,2496,1190,526,70,5,0.031273492707863476,0.031273492707863476,0.014910038590688117,0.006590487645968025,0.0008770610935698892,6.26472209692778e-05,105120,75.92465753424658,2950.0297699593984,Ang Mo Kio Avenue 5,1.3764,103.8492
2018,S118,85821,2022.7999799999952,0.023569988464361813,2325,0.8700214967741915,13.6,2325,1061,480,63,2,0.027091271367147902,0.027091271367147902,0.012362941471201688,0.005593036669346663,0.0007340860628517495,2.3304319455611096e-05,105120,81.64098173515981,2477.677187373714,Handy Road,1.2994,103.8461
2018,S61,87763,1595.8000099999972,0.018183061312853903,2165,0.737090073903001,12.6,2165,879,353,41,4,0.02466871004865376,0.02466871004865376,0.010015610222986908,0.004022196141882114,0.0004671672572724269,4.557729339243189e-05,105120,83.48839421613394,1911.4034052072025,Chai Chee Street,1.323,103.9217
2018,S66,80725,2264.7999799999916,0.028055744564880664,2574,0.8798756721056689,13.8,2574,1140,514,80,8,0.03188603282750077,0.03188603282750077,0.014122019200991019,0.006367296376587179,0.0009910188912976153,9.910188912976154e-05,105120,76.79318873668188,2949.2198686602555,Kranji Way,1.4387,103.7363
2018,S94,88250,1713.5999999999976,0.019417563739376743,2298,0.745691906005221,10.6,2298,988,400,39,2,0.026039660056657223,0.026039660056657223,0.011195467422096317,0.004532577903682719,0.00044192634560906517,2.26628895184136e-05,105120,83.95167427701675,2041.1743002832834,Pasir Ris Street 51,1.3662,103.9528
2018,S78,87969,1786.9999899999957,0.020313974127249324,2316,0.7715889421416217,10.2,2316,1027,436,33,1,0.026327456263001738,0.026327456263001738,0.011674567177073741,0.004956291420841433,0.0003751321488251543,1.1367640873489525e-05,105120,83.68436073059361,2135.4049602564487,Poole Road,1.30703,103.89067
2018,S102,50391,788.200000000001,0.015641682046397192,836,0.9428229665071782,9.39999,836,407,209,27,0,0.016590264134468458,0.016590264134468458,0.008076839118096486,0.004147566033617114,0.0005358099660653688,0.0,105120,47.93664383561644,1644.253616717273,Semakau Landfill,1.189,103.768
2018,S82,87614,2430.7999599999916,0.0277444239505101,2669,0.9107530760584457,12.4,2669,1266,539,97,5,0.030463167986851416,0.030463167986851416,0.01444974547446755,0.006151984842605063,0.0011071289976487776,5.7068505033442146e-05,105120,83.34665144596651,2916.4938456776213,Tuas West Road,1.3247,103.6351
2018,S101,75244,2348.2000299999922,0.031207804343203343,2268,1.0353615652557284,13.8,2268,1144,575,78,3,0.030141938227632767,0.030141938227632767,0.01520387007601935,0.007641805326670565,0.0010366275051831375,3.9870288660889906e-05,105120,71.57914764079148,3280.564392557535,Corporation Road,1.35053,103.7134
2018,S119,84200,1858.199989999996,0.022068883491686415,2456,0.7565960871335489,10.0,2456,1054,450,40,0,0.029168646080760096,0.029168646080760096,0.012517814726840855,0.005344418052256532,0.00047505938242280285,0.0,105120,80.09893455098934,2319.8810326460757,Nicoll Highway,1.30105,103.8666
2018,S104,77235,1765.8000099999967,0.02286269191428752,2228,0.7925493761220811,13.8,2228,933,366,60,6,0.028847025312358388,0.028847025312358388,0.012080015536997476,0.004738784229947563,0.0007768498737618955,7.768498737618955e-05,105120,73.47317351598174,2403.326174029904,Woodlands Avenue 9,1.44387,103.78538
2018,S108,67723,1530.5999899999974,0.022600888767479253,1857,0.8242326278944521,11.4,1857,833,366,42,3,0.027420521831578636,0.027420521831578636,0.012300104838828759,0.005404367792330523,0.0006201733532182567,4.429809665844691e-05,105120,64.42446727549468,2375.805427237419,Marina Gardens Drive,1.2799,103.8703
2018,S122,83715,2409.3999999999915,0.028780983097413743,2538,0.9493301812450715,15.6,2538,1375,551,80,8,0.030317147464612077,0.030317147464612077,0.016424774532640508,0.006581855103625396,0.0009556232455354476,9.556232455354477e-05,105120,79.63755707762557,3025.4569432001326,Sembawang Road,1.41731,103.8249
2019,S105,101115,2022.0000199999956,0.01999703327893978,2247,0.89986649755229,10.8,2247,1245,482,58,1,0.022222222222222223,0.022222222222222223,0.012312713247292686,0.0047668496266627105,0.0005736043119220689,9.88972951589774e-06,105120,96.19006849315069,2102.0881382821494,Admiralty Road West,1.45817,103.79525
2019,S120,101177,1723.1999999999966,0.017031538788459796,1999,0.8620310155077522,9.2,1999,985,423,50,0,0.019757454757504175,0.019757454757504175,0.009735414175158386,0.004180792077250759,0.0004941834606679384,0.0,105120,96.24904870624049,1790.3553574428936,Holland Road,1.30874,103.818
2019,S107,99712,1256.599999999999,0.01260229460847239,1591,0.789817724701445,8.2,1591,752,296,33,0,0.015955953145057766,0.015955953145057766,0.007541720154043646,0.0029685494223363287,0.00033095314505776635,0.0,105120,94.85540334855403,1324.7532092426177,East Coast Parkway,1.3135,103.9625
2019,S117,97096,1417.7999999999977,0.014602043338551514,1778,0.7974128233970741,7.8,1778,864,359,25,0,0.018311773914476394,0.018311773914476394,0.008898409821207877,0.0036973716733954025,0.0002574771360303205,0.0,105120,92.3668188736682,1534.966795748535,Banyan Road,1.256,103.679
2019,S24,100945,1341.4000099999996,0.013288424488582888,1798,0.7460511735261399,10.8,1798,839,330,25,1,0.017811679627519936,0.017811679627519936,0.008311456733864976,0.0032691069394224577,0.0002476596166229135,9.906384664916539e-06,105120,96.02834855403349,1396.8791822398332,Upper Changi Road North,1.3678,103.9826
2019,S35,100588,1708.1999999999969,0.016982144987473625,1988,0.8592555331991936,9.8,1988,1016,414,45,0,0.019763788921143676,0.019763788921143676,0.010100608422475841,0.004115799101284448,0.0004473694675309182,0.0,105120,95.68873668188736,1785.1630810832273,Old Toh Tuck Road,1.3329,103.7556
2019,S91,52092,1170.3999999999999,0.022467941334561925,1226,0.9546492659053832,13.6,1226,660,261,37,4,0.02353528372878753,0.02353528372878753,0.012669891730016125,0.005010366275051832,0.0007102818091069646,7.678722260615834e-05,105120,49.554794520547944,2361.82999308915,Yishun Avenue 5,1.4301,103.8308
2019,S92,100501,1451.5999799999986,0.014443637177739511,1628,0.8916461793611785,14.2,1628,809,331,38,3,0.016198843792599078,0.016198843792599078,0.00804967114755077,0.003293499567168486,0.0003781056904906419,2.9850449249261202e-05,105120,95.60597412480975,1518.3151401239772,South Buona Vista Road,1.2841,103.7886
2019,S60,96273,1307.5999899999988,0.013582208822826741,1504,0.8694148869680843,10.0,1504,753,293,42,0,0.015622240919053109,0.015622240919053109,0.007821507587797202,0.0030434285832995752,0.0004362593873671746,0.0,105120,91.58390410958904,1427.761791455547,Sentosa,1.25,103.8279
2019,S118,98196,1482.2000199999977,0.015094301397205566,1738,0.8528193440736466,10.8,1738,873,341,42,1,0.017699295286977067,0.017699295286977067,0.008890382500305511,0.003472646543647399,0.000427715996578272,1.0183714204244572e-05,105120,93.41324200913242,1586.7129628742491,Handy Road,1.2994,103.8461
2019,S119,99756,1636.1999999999962,0.01640202093107178,1864,0.8777896995708134,13.2,1864,921,368,56,5,0.01868559284654557,0.01868559284654557,0.00923252736677493,0.003689001162837323,0.0005613697421708969,5.01222984081158e-05,105120,94.8972602739726,1724.1804402742653,Nicoll Highway,1.30105,103.8666
2019,S61,101144,1597.2000199999973,0.015791347188167337,1846,0.8652221126760549,9.8,1846,936,399,36,0,0.018251206201059876,0.018251206201059876,0.009254132721664162,0.003944870679427351,0.00035592818160246775,0.0,105120,96.21765601217656,1659.9864164201506,Chai Chee Street,1.323,103.9217
2019,S89,101164,2098.3999999999915,0.020742556640702143,2451,0.8561403508771895,11.4,2451,1139,516,62,3,0.024227986240164485,0.024227986240164485,0.011258945870072357,0.005100628682139892,0.0006128662370013049,2.9654817919417973e-05,105120,96.23668188736681,2180.457554070609,Tuas Road,1.31985,103.66162
2019,S121,98638,2015.400019999995,0.020432287962042977,2258,0.8925597962798915,9.8,2258,1188,512,58,0,0.022891786127050427,0.022891786127050427,0.012044039822380826,0.0051906972971876965,0.0005880086781970438,0.0,105120,93.83371385083714,2147.8421105699576,Old Choa Chu Kang Road,1.37288,103.72244
2019,S82,100470,1967.3999899999956,0.01958196466606943,2141,0.9189163895375971,11.0,2141,1136,484,56,2,0.021309843734448095,0.021309843734448095,0.011306857768488107,0.004817358415447397,0.0005573803125311038,1.9906439733253708e-05,105120,95.57648401826484,2058.4561256972183,Tuas West Road,1.3247,103.6351
2019,S69,76716,1313.000009999999,0.017115073908962917,1562,0.8405889948783605,12.4,1562,773,298,40,5,0.02036081130403045,0.02036081130403045,0.010076124928307003,0.0038844569581312893,0.0005214036185411127,6.517545231763908e-05,105120,72.97945205479452,1799.1365693101818,Upper Peirce Reservoir Park,1.37,103.805
2019,S88,101171,1676.5999699999968,0.0165719422561801,1991,0.8420893872425901,10.4,1991,1017,411,46,1,0.019679552440916865,0.019679552440916865,0.010052287710905298,0.004062428956914531,0.00045467574700259957,9.88425536962173e-06,105120,96.2433409436834,1742.042569969652,Toa Payoh North,1.3427,103.8482
2019,S900,100696,1701.8000099999972,0.01690037350043693,2024,0.8408102816205519,12.4,2024,1002,404,53,3,0.020100103281163104,0.020100103281163104,0.00995074282990387,0.004012075951378406,0.0005263366965917217,2.9792643203304998e-05,105120,95.79147640791476,1776.5672623659302,Seletar Aerospace View,1.41284,103.86922
2019,S33,100610,2141.400019999995,0.021284166782625933,2234,0.9585496956132475,12.6,2234,1175,504,66,4,0.02220455223138853,0.02220455223138853,0.011678759566643476,0.005009442401351754,0.000655998409700825,3.9757479375807576e-05,105120,95.70966514459666,2237.3916121896377,Jurong Pier Road,1.3081,103.71
2019,S100,98942,2010.1999999999964,0.02031695336661879,2061,0.9753517709849571,12.6,2061,1121,480,59,4,0.02083038547836106,0.02083038547836106,0.011329870024863051,0.00485132704008409,0.0005963089486770027,4.042772533403408e-05,105120,94.12290715372907,2135.718137898967,Woodlands Road,1.4172,103.74855
2019,S29,100898,1563.6000299999985,0.015496838688576568,1940,0.8059793969072157,11.4,1940,917,396,30,2,0.019227338500267598,0.019227338500267598,0.009088386291105869,0.003924755693869056,0.0002973299768082618,1.982199845388412e-05,105120,95.98363774733637,1629.0276829431687,Pasir Ris Drive 12,1.387,103.935
2019,S104,100433,1893.7999799999966,0.018856351796720166,2190,0.8647488493150669,9.8,2190,1221,462,45,0,0.021805581830673184,0.021805581830673184,0.012157358637101351,0.004600081646470781,0.00044805990063027094,0.0,105120,95.54128614916286,1982.179700871224,Woodlands Avenue 9,1.44387,103.78538
2019,S114,91752,1835.6000199999974,0.020006103627168863,1957,0.9379662851303001,14.0,1957,1067,430,66,7,0.021329235330020055,0.021329235330020055,0.011629174295928154,0.004686546342314064,0.0007193303688202982,7.629261487488012e-05,105120,87.28310502283105,2103.041613287991,Choa Chu Kang Avenue 4,1.38,103.73
2019,S84,78449,374.60000000000014,0.004775076801488867,658,0.5693009118541036,12.4,658,307,83,2,1,0.008387614883554922,0.008387614883554922,0.003913370469986871,0.001058012211755408,2.5494270162780914e-05,1.2747135081390457e-05,105120,74.62804414003044,501.9560733725097,Simei Avenue,1.3437,103.9444
2019,S115,89136,1470.9999999999975,0.016502872015796057,1715,0.8577259475218645,11.0,1715,817,352,43,2,0.019240262071441392,0.019240262071441392,0.00916576916173039,0.003949021719619458,0.0004824089032489679,2.243762340692874e-05,105120,84.79452054794521,1734.7819063004818,Tuas South Avenue 3,1.29377,103.61843
2019,S50,97643,1706.3999799999965,0.017475906926251717,2062,0.827546062075653,9.39999,2062,1070,419,50,0,0.02111774525567629,0.02111774525567629,0.010958286820355786,0.0042911422221767045,0.000512069477586719,0.0,105120,92.88717656012176,1837.0673360875805,Clementi Road,1.3337,103.7768
2019,S77,101179,1614.399999999997,0.01595588017276309,1805,0.8944044321329623,11.0,1805,885,355,59,4,0.017839670287312585,0.017839670287312585,0.00874687435139703,0.003508633214402198,0.0005831249567598019,3.953389537354589e-05,105120,96.25095129375951,1677.2821237608562,Alexandra Road,1.2937,103.8125
2019,S94,101154,1350.2000099999996,0.01334796458864701,1853,0.7286562385321098,10.2,1853,896,333,20,1,0.018318603317713584,0.018318603317713584,0.008857781204895505,0.0032920102022658522,0.00019771833046641754,9.885916523320877e-06,105120,96.2271689497717,1403.1380375585734,Pasir Ris Street 51,1.3662,103.9528
2019,S113,101174,1447.7999999999984,0.014310000593037721,1761,0.8221465076660979,10.8,1761,897,345,40,1,0.017405657580010676,0.017405657580010676,0.008865914167671535,0.0034099669875659756,0.00039535849131199717,9.883962282799929e-06,105120,96.24619482496195,1504.2672623401252,Marine Parade Road,1.30648,103.9104
2019,S123,96849,1662.9999699999964,0.01717105979411245,1897,0.8766473220875047,9.39999,1897,974,399,38,0,0.019587192433582173,0.019587192433582173,0.010056892688618365,0.004119815382709166,0.00039236336978182534,0.0,105120,92.1318493150685,1805.0218055571006,Towner Road,1.3214,103.8577
2019,S71,64822,926.4000100000009,0.014291444417018927,1109,0.8353471686203795,13.0,1109,512,212,25,2,0.01710838912714819,0.01710838912714819,0.007898552960414675,0.003270494585171701,0.00038567153127024777,3.085372250161982e-05,105120,61.66476407914764,1502.3166371170296,Kent Ridge Road,1.2923,103.7815
2019,S46,81997,1286.8000099999983,0.015693257192336284,1631,0.7889638320049039,9.60001,1631,810,302,28,0,0.01989097162091296,0.01989097162091296,0.009878410185738503,0.003683061575423491,0.0003414759076551581,0.0,105120,78.00323439878234,1649.6751960583902,Sime Road,1.3416,103.8106
2019,S79,100752,1429.3999999999983,0.014187311418135604,1816,0.787114537444933,10.2,1816,892,328,39,1,0.018024456090201684,0.018024456090201684,0.008853422264570431,0.003255518500873432,0.0003870890900428776,9.925361283150707e-06,105120,95.84474885844749,1491.3701762744147,Somerset Road,1.3004,103.8372
2019,S78,100977,1389.7999899999977,0.013763530209849745,1813,0.7665747324875883,9.60001,1813,896,325,37,0,0.01795458371708409,0.01795458371708409,0.008873307782960476,0.003218554720381869,0.00036642007585885897,0.0,105120,96.0587899543379,1446.8222956594052,Poole Road,1.30703,103.89067
2019,S90,101175,1616.1999999999969,0.015974301952063227,2015,0.802084367245656,9.2,2015,970,417,30,0,0.019915987150976033,0.019915987150976033,0.00958734865332345,0.004121571534469978,0.0002965159377316531,0.0,105120,96.24714611872146,1679.2186212008862,Bukit Timah Road,1.3191,103.8191
2019,S111,100701,1550.1999899999973,0.015394087347692648,1916,0.809081414405009,9.39999,1916,975,381,33,0,0.019026623370175074,0.019026623370175074,0.009682128280751929,0.003783477820478446,0.00032770280334852683,0.0,105120,95.79623287671232,1618.2264619894513,Scotts Road,1.31055,103.8365
2019,S08,100824,1949.600019999996,0.01933666607157022,2165,0.9005080923787511,13.0,2165,1063,425,67,8,0.021473061969372372,0.021473061969372372,0.01054312465286043,0.004215266206458779,0.0006645243196064429,7.934618741569468e-05,105120,95.91324200913242,2032.6703374434617,Upper Thomson Road,1.3701,103.8271
2019,S122,90601,1629.5999799999984,0.017986556219026263,1885,0.8645092732095482,12.8,1885,1009,378,41,4,0.020805509872959458,0.020805509872959458,0.01113674242006159,0.00417213938036004,0.00045253363649407844,4.414962307259302e-05,105120,86.18816590563166,1890.7467897440406,Sembawang Road,1.41731,103.8249
2019,S36,45367,0.0,0.0,0,,0.0,0,0,0,0,0,0.0,0.0,0.0,0.0,0.0,0.0,105120,43.15734398782344,0.0,Upper Serangoon Road,1.3382,103.8657
2019,S07,98573,1548.400019999997,0.0157081555801284,1913,0.8094093152117078,9.60001,1913,953,377,39,0,0.019406936990859568,0.019406936990859568,0.009667961815101498,0.003824576709646658,0.0003956458665151715,0.0,105120,93.77187975646879,1651.2413145830978,Lornie Road,1.3415,103.8334
2019,S55,14816,187.20001999999997,0.012634990550755938,192,0.9750001041666665,13.0,192,98,39,9,1,0.012958963282937365,0.012958963282937365,0.006614470842332613,0.002632289416846652,0.000607451403887689,6.749460043196545e-05,105120,14.094368340943683,1328.1902066954642,Buangkok Green,1.3837,103.886
2019,S108,76742,870.8000000000013,0.011347111099528307,1089,0.7996326905417827,10.8,1089,508,208,27,1,0.014190404211513904,0.014190404211513904,0.0066195824971984054,0.0027103802350733628,0.0003518282035912538,1.3030674207083475e-05,105120,73.00418569254185,1192.8083187824157,Marina Gardens Drive,1.2799,103.8703
2019,S106,95306,1435.1999899999992,0.015058862925733944,1768,0.8117647002262439,10.0,1768,908,356,36,0,0.018550773298638072,0.018550773298638072,0.009527207101336747,0.0037353367049293854,0.0003777306780265671,0.0,105120,90.66400304414003,1582.987670753152,Pulau Ubin,1.4168,103.9673
2019,S116,98379,1542.1999999999975,0.01567610973886701,1802,0.8558268590455036,9.8,1802,907,382,38,0,0.018316917228270262,0.018316917228270262,0.009219447239756453,0.00388294249789081,0.0003862612956017036,0.0,105120,93.58732876712328,1647.8726557497,West Coast Highway,1.281,103.754
2019,S215,100684,1254.3370000000032,0.01245815621151328,1737,0.7221283822682805,9.744,1737,1737,366,18,0,0.017251996345000197,0.017251996345000197,0.017251996345000197,0.003635135672003496,0.00017877716419689325,0.0,105120,95.78006088280061,1309.6013809542762,GEYLANG EAST CENTRAL,1.32785,103.88899
2019,S44,99250,1979.1999699999951,0.019941561410579296,2278,0.8688322958735711,9.8,2278,1197,465,63,0,0.02295214105793451,0.02295214105793451,0.012060453400503778,0.004685138539042821,0.0006347607052896725,0.0,105120,94.41590563165906,2096.2569354800958,Nanyang Avenue,1.34583,103.68166
2019,S109,82164,1520.1999899999976,0.01850202022783698,1797,0.8459654924874778,11.2,1797,899,356,55,3,0.021870892361618228,0.021870892361618228,0.010941531571004333,0.004332797818996154,0.000669392921474125,3.65123411713159e-05,105120,78.162100456621,1944.9323663502234,Ang Mo Kio Avenue 5,1.3764,103.8492
2019,S40,100045,1936.400019999996,0.01935529031935625,2238,0.8652368275245736,13.6,2238,1133,426,69,5,0.02236993352991154,0.02236993352991154,0.011324903793293019,0.0042580838622619825,0.0006896896396621521,4.99775101204458e-05,105120,95.17218417047184,2034.628118370729,Mandai Lake Road,1.4044,103.78962
2019,S64,101161,1959.999979999996,0.019375055406727848,2240,0.8749999910714268,15.4,2240,1146,479,46,8,0.022142920690780044,0.022142920690780044,0.01132847638912229,0.004735026344144483,0.0004547206927570902,7.908185960992873e-05,105120,96.23382800608827,2036.7058243552315,Bukit Panjang Road,1.3824,103.7603
2019,S11,94966,1769.599989999997,0.018634037339679433,2213,0.7996384952553082,9.8,2213,1117,425,42,0,0.023303076890676663,0.023303076890676663,0.011762104332076743,0.004475285891792852,0.0004422635469536466,0.0,105120,90.34056316590564,1958.8100051471017,Choa Chu Kang Road,1.3746,103.6938
2019,S43,99763,1574.7999899999973,0.01578541132483984,1962,0.8026503516819558,10.4,1962,990,367,42,1,0.019666609865380952,0.019666609865380952,0.009923518739412407,0.0036787185629942967,0.00042099776470234457,1.0023756302436775e-05,105120,94.9039193302892,1659.362438467164,Kim Chuan Road,1.3399,103.8878
2019,S112,91778,1411.399969999999,0.015378412800453257,1656,0.8522946678743956,14.6,1656,836,330,41,4,0.018043539846150494,0.018043539846150494,0.009108936782235394,0.0035956329403560765,0.00044673015319575496,4.3583429580073654e-05,105120,87.30783866057838,1616.5787535836464,Lim Chu Kang Road,1.43854,103.70131
2019,S66,99174,1839.0000299999956,0.018543166858249093,2132,0.862570370544088,14.2,2132,1123,416,55,3,0.021497569927601993,0.021497569927601993,0.011323532377437636,0.004194647790751608,0.0005545808377195636,3.024986387561256e-05,105120,94.34360730593608,1949.2577001391446,Kranji Way,1.4387,103.7363
2019,S81,101176,1817.1999799999971,0.017960781015260507,2148,0.8459962662942259,9.8,2148,1095,449,49,0,0.02123033130386653,0.02123033130386653,0.010822724756859334,0.004437811338657389,0.00048430457816082864,0.0,105120,96.24809741248097,1888.0373003241846,Punggol Central,1.4029,103.9092
2020,S122,66402,1278.200020000001,0.019249420499382563,1761,0.7258376036342992,9.60001,1761,790,310,29,0,0.026520285533568267,0.026520285533568267,0.011897232011084004,0.004668534080298786,0.00043673383331827356,0.0,105408,62.99521857923497,2029.0429159989171,Sembawang Road,1.41731,103.8249
2020,S106,93224,1745.5999899999968,0.01872479179181323,2252,0.7751332104795723,12.8,2252,979,389,47,3,0.0241568694756715,0.0241568694756715,0.010501587574015274,0.004172745215824251,0.0005041620183643697,3.218055436368317e-05,105408,88.4411050394657,1973.742853191449,Pulau Ubin,1.4168,103.9673
2020,S208,54466,1261.9439899999977,0.02316938989461311,1467,0.8602208520790714,9.18001,1467,1467,307,47,0,0.026934234201153012,0.026934234201153012,0.026934234201153012,0.005636543898946132,0.0008629236587963133,0.0,105408,51.67159987856709,2442.239050011379,Changi East Close,1.3136,104.00317
2020,S217,54466,1596.2909600000023,0.02930802629163152,1902,0.8392696950578351,11.82,1902,918,378,58,2,0.034920868064480595,0.034920868064480595,0.016854551463298204,0.006940109426063966,0.001064884515110344,3.672015569346014e-05,105408,51.67159987856709,3089.300435348295,Bishan Street 13,1.35041,103.85526
2020,S228,52462,1837.6379999999988,0.035027982158514714,1972,0.9318651115618655,11.88,1972,982,451,56,3,0.037589112119248216,0.037589112119248216,0.018718310396096224,0.008596698562769243,0.0010674392893904158,5.718424764591514e-05,105408,49.77041590771099,3692.2295433647187,Jurong West Street 73,1.34703,103.70073
2020,S111,99828,2461.600009999991,0.024658412569619655,3069,0.8020853730856927,10.4,3069,1475,602,53,1,0.030742877749729534,0.030742877749729534,0.014775413711583925,0.006030372240253236,0.000530913170653524,1.0017229634972153e-05,105408,94.70628415300547,2599.193952138469,Scotts Road,1.31055,103.8365
2020,S60,84971,2074.599989999995,0.02441538866201404,2585,0.8025531876208879,11.8,2585,1224,495,55,5,0.030422144025608736,0.030422144025608736,0.01440491461792847,0.005825516941074013,0.0006472796601193348,5.8843605465394074e-05,105408,80.61152853673346,2573.577288085576,Sentosa,1.25,103.8279
2020,S90,100601,2524.9999899999902,0.02509915398455274,3215,0.7853810233281463,8.39999,3215,1553,614,52,0,0.031957932823729385,0.031957932823729385,0.015437222294012983,0.006103319052494508,0.0005168934702438346,0.0,105408,95.43962507589556,2645.651623203735,Bukit Timah Road,1.3191,103.8191
2020,S107,98708,1857.8000299999974,0.018821169813996813,2277,0.8158981247255149,10.4,2277,1051,455,51,2,0.023068039064716134,0.023068039064716134,0.010647566559954613,0.004609555456497954,0.000516675446772298,2.0261782226364633e-05,105408,93.64374620522162,1983.901867753776,East Coast Parkway,1.3135,103.9625
2020,S118,98981,2482.8000399999933,0.025083602307513494,2777,0.8940583507382043,10.6,2777,1386,600,75,2,0.02805588951414918,0.02805588951414918,0.01400268738444752,0.006061769430496762,0.0007577211788120953,2.0205898101655873e-05,105408,93.90273982999393,2644.0123520303828,Handy Road,1.2994,103.8461
2020,S116,96455,2264.3999899999935,0.02347623233632257,2696,0.8399109755192854,9.2,2696,1302,549,55,0,0.027950857913016432,0.027950857913016432,0.013498522627131823,0.005691773365818257,0.0005702140894717744,0.0,105408,91.50633727990285,2474.5826981070895,West Coast Highway,1.281,103.754
2020,S66,100941,2641.3999799999897,0.026167761167414524,3019,0.874925465385886,11.6,3019,1463,620,74,2,0.029908560446201247,0.029908560446201247,0.01449361508207765,0.006142201880306317,0.0007331015147462379,1.9813554452601024e-05,105408,95.76218123861567,2758.2913691348303,Kranji Way,1.4387,103.7363
2020,S92,99513,2560.3999999999905,0.025729301699275377,3143,0.8146356983773435,9.8,3143,1531,627,74,0,0.03158381317013857,0.03158381317013857,0.015384924582717835,0.00630068433270025,0.0007436214363952449,0.0,105408,94.40744535519126,2712.0742335172185,South Buona Vista Road,1.2841,103.7886
2020,S119,99661,2948.1999899999887,0.02958228384222503,3195,0.92275430046948,12.6,3195,1603,713,88,7,0.032058678921544036,0.032058678921544036,0.01608452654498751,0.007154252917389952,0.0008829933474478482,7.023810718335156e-05,105408,94.54785215543413,3118.209375241256,Nicoll Highway,1.30105,103.8666
2020,S121,101378,2660.1999799999912,0.02624040699165491,3045,0.873628893267649,14.0,3045,1522,639,75,3,0.030036102507447374,0.030036102507447374,0.01501311921718716,0.006303142693681075,0.0007398054804789994,2.9592219219159976e-05,105408,96.17676077717061,2765.94882017636,Old Choa Chu Kang Road,1.37288,103.72244
2020,S203,49298,1777.8449899999948,0.036063227514300675,1976,0.8997191244939245,11.256,1976,1976,474,63,3,0.04008276197817356,0.04008276197817356,0.04008276197817356,0.009614994523104386,0.0012779423100328614,6.085439571585054e-05,105408,46.76874620522162,3801.352685827406,Pasir Panjang,1.29164,103.7702
2020,S211,51322,1415.3160200000025,0.027577179766961585,1771,0.7991620666290246,12.18,1771,1771,397,32,3,0.03450761856513776,0.03450761856513776,0.03450761856513776,0.007735474065702817,0.0006235142823740307,5.845446397256537e-05,105408,48.68890406800243,2906.8553648758866,Kranji Road,1.42918,103.75711
2020,S900,100131,2310.2000199999948,0.02307177617321304,2707,0.8534170742519375,13.8,2707,1267,542,68,2,0.027034584694050793,0.027034584694050793,0.012653424014540952,0.005412909089093288,0.0006791103654212981,1.9973834277097005e-05,105408,94.99373861566484,2431.94978286604,Seletar Aerospace View,1.41284,103.86922
2020,S36,20071,873.7999900000002,0.04353544865726671,536,1.630223861940299,20.6,536,375,210,41,11,0.02670519655223955,0.02670519655223955,0.018683672960988492,0.010462856858153555,0.0020427482437347416,0.0005480544068556624,105408,19.041249241044323,4588.98457206517,Upper Serangoon Road,1.3382,103.8657
2020,S77,101316,2701.199979999989,0.026661139208022315,3247,0.8319063689559559,11.0,3247,1604,669,67,2,0.03204824509455565,0.03204824509455565,0.015831655414741994,0.006603103162383039,0.0006612973271743851,1.9740218721623435e-05,105408,96.117941712204,2810.297361639216,Alexandra Road,1.2937,103.8125
2020,S113,101416,2599.199969999993,0.025629091760668857,2807,0.9259707766298514,11.0,2807,1361,597,104,2,0.027678078409718386,0.027678078409718386,0.013419973179774395,0.005886645105308827,0.0010254792143251559,1.972075412163761e-05,105408,96.21281117182757,2701.5113043085826,Marine Parade Road,1.30648,103.9104
2020,S40,100410,2501.5999899999924,0.024913853102280573,2929,0.8540798873335583,14.2,2929,1414,592,71,8,0.02917040135444677,0.02917040135444677,0.01408226272283637,0.0058958271088537,0.0007071008863658998,7.967333930883378e-05,105408,95.25842440801458,2626.1194278051908,Mandai Lake Road,1.4044,103.78962
2020,S202,54466,1688.1139799999978,0.030993904086953288,2087,0.8088710972688059,9.89799,2087,2087,442,44,0,0.03831748246612566,0.03831748246612566,0.03831748246612566,0.008115154408254692,0.0008078434252561231,0.0,105408,51.67159987856709,3267.0054419975722,S202,1.30968,103.7578
2020,S223,54187,1488.802000000003,0.027475261594109346,2008,0.741435258964145,9.338,2008,2008,429,30,0,0.037056858656135234,0.037056858656135234,0.037056858656135234,0.007917028069463155,0.000553638326535885,0.0,105408,51.40691408621736,2896.1123741118777,Margaret Drive,1.29984,103.80264
2020,S105,2134,16.8,0.007872539831302719,37,0.4540540540540541,3.4,37,16,2,0,0,0.017338331771321464,0.017338331771321464,0.007497656982193065,0.0009372071227741331,0.0,0.0,105408,2.0245142683667274,829.828678537957,Admiralty Road West,1.45817,103.79525
2020,S213,54466,1575.200009999999,0.02892079480776997,2070,0.7609661884057967,10.6,2070,992,375,32,1,0.038005361142731245,0.038005361142731245,0.01821319722395623,0.006885029192523776,0.0005875224910953622,1.836007784673007e-05,105408,51.67159987856709,3048.483139097417,Coronation Walk,1.32427,103.8097
2020,S71,99779,2663.0000599999894,0.026688983252989,3017,0.8826649187935,10.4,3017,1454,641,92,2,0.03023682337966907,0.03023682337966907,0.01457220457210435,0.006424197476422895,0.0009220377033243468,2.0044297898355367e-05,105408,94.65979811778992,2813.2323467310644,Kent Ridge Road,1.2923,103.7815
2020,S82,96861,3359.1999699999883,0.03468062450315389,3128,1.0739130338874643,14.4,3128,1732,803,133,7,0.032293699218467704,0.032293699218467704,0.017881293812783267,0.008290230330060603,0.0013731016611432877,7.226850848122568e-05,105408,91.8915072859745,3655.615267628444,Tuas West Road,1.3247,103.6351
2020,S108,86190,2283.3999899999935,0.026492632439958155,2586,0.8829853016241275,12.2,2586,1301,576,62,3,0.030003480682213715,0.030003480682213715,0.01509455853347256,0.006682909850330665,0.0007193409908342035,3.4806822137138876e-05,105408,81.76798724954463,2792.5354002311096,Marina Gardens Drive,1.2799,103.8703
2020,S109,95029,2335.799979999994,0.024579864883351333,2722,0.8581190227773673,12.4,2722,1300,565,67,6,0.028643887655347314,0.028643887655347314,0.013680034515779394,0.005945553462627198,0.0007050479327363226,6.313862084205874e-05,105408,90.15349878567092,2590.9143976242976,Ang Mo Kio Avenue 5,1.3764,103.8492
2020,S120,101449,2647.399999999989,0.026095870831649295,3375,0.7844148148148116,9.8,3375,1646,657,47,0,0.033267947441571626,0.033267947441571626,0.016224901181874637,0.00647616043529261,0.0004632869717789234,0.0,105408,96.24411809350335,2750.713552622489,Holland Road,1.30874,103.818
2020,S100,100391,2567.999989999992,0.02557998216971633,2930,0.8764505085324205,11.2,2930,1458,630,74,1,0.029185883196700898,0.029185883196700898,0.014523214232351506,0.0062754629399049714,0.000737117869131695,9.961052285563447e-06,105408,95.24039921068609,2696.3347605454587,Woodlands Road,1.4172,103.74855
2020,S11,101443,2795.8000299999903,0.02756030509744379,3176,0.8802896819899214,11.8,3176,1535,688,73,6,0.03130822235146831,0.03130822235146831,0.015131650286367714,0.006782133809134194,0.0007196159419575525,5.914651577733308e-05,105408,96.23842592592592,2905.0766397113553,Choa Chu Kang Road,1.3746,103.6938
2020,S94,101443,2381.3999999999937,0.023475252112023438,2622,0.9082379862700205,13.0,2622,1250,571,75,5,0.025847027394694556,0.025847027394694556,0.012322190786944392,0.005628776751476198,0.0007393314472166635,4.928876314777757e-05,105408,96.23842592592592,2474.4793746241667,Pasir Ris Street 51,1.3662,103.9528
2020,S07,100091,2573.4000099999903,0.02571060345085962,3114,0.826396920359663,11.8,3114,1482,617,76,3,0.031111688363589133,0.031111688363589133,0.014806526061284232,0.006164390404731694,0.0007593090287838067,2.9972724820413423e-05,105408,94.95579083181542,2710.103288548211,Lornie Road,1.3415,103.8334
2020,S35,96722,2488.4000299999925,0.02572734259010352,2909,0.8554142420075601,10.0,2909,1417,579,65,0,0.030075887595376438,0.030075887595376438,0.014650234693244557,0.005986228572610161,0.0006720291143690163,0.0,105408,91.75963873709776,2711.867727737632,Old Toh Tuck Road,1.3329,103.7556
2020,S207,52746,1552.7249599999961,0.029437776513858798,1617,0.9602504390847224,11.256,1617,1617,396,64,5,0.030656353088385848,0.030656353088385848,0.030656353088385848,0.0075076783073598,0.0012133621506844122,9.47939180222197e-05,105408,50.0398451730419,3102.977146772828,Bedok Road,1.32485,103.95836
2020,S209,51659,1364.5099999999986,0.026413790433419126,1622,0.8412515413070275,11.716,1622,1622,350,46,6,0.03139820747594804,0.03139820747594804,0.03139820747594804,0.006775198900482007,0.0008904547126347781,0.00011614626686540584,105408,49.008614146933816,2784.224822005843,Yishun Ring Road,1.42111,103.84472
2020,S229,54448,1591.9260000000033,0.029237547751983606,1924,0.8274043659043676,9.13499,1924,1924,462,42,0,0.03533646782250955,0.03533646782250955,0.03533646782250955,0.008485160152806348,0.000771378195709668,0.0,105408,51.65452337583485,3081.871433441088,Jurong West Street 42,1.35167,103.72195
2020,S114,100002,2598.9999699999903,0.025989479910401694,2986,0.8703951674480879,11.8,2986,1465,652,78,6,0.029859402811943762,0.029859402811943762,0.014649707005859883,0.006519869602607948,0.0007799844003119938,5.999880002399952e-05,105408,94.87135701275045,2739.499098395622,Choa Chu Kang Avenue 4,1.38,103.73
2020,S201,54466,1578.999989999999,0.02899056273638598,2067,0.763909042089985,9.8,2067,966,376,36,0,0.03795028090919105,0.03795028090919105,0.01773583519994125,0.006903389270370507,0.0006609628024822825,0.0,105408,51.67159987856709,3055.8372369169733,Clementi Park,1.32311,103.76714
2020,S215,99634,2436.2029900000016,0.024451522472248445,2720,0.8956628639705888,13.398,2720,2720,675,83,6,0.027299917698777525,0.027299917698777525,0.027299917698777525,0.006774795752453981,0.0008330489591906377,6.022040668847984e-05,105408,94.52223740133576,2577.386080754764,GEYLANG EAST CENTRAL,1.32785,103.88899
2020,S61,101315,2524.399989999992,0.024916349898830303,2858,0.8832750139957986,11.8,2858,1377,597,82,3,0.02820905097961802,0.02820905097961802,0.013591274737205745,0.0058925134481567385,0.0008093569560282288,2.9610620342496175e-05,105408,96.11699301760777,2626.3826101359045,Chai Chee Street,1.323,103.9217
2020,S44,101150,3170.3999999999887,0.031343549184379524,3249,0.9758079409048903,13.8,3249,1642,761,115,8,0.03212061295106278,0.03212061295106278,0.016233316856154225,0.007523479980227385,0.0011369253583786456,7.909045971329708e-05,105408,95.9604584092289,3303.8608324270767,Nanyang Avenue,1.34583,103.68166
2020,S64,6096,53.0,0.008694225721784778,75,0.7066666666666667,4.6,75,42,13,0,0,0.012303149606299213,0.012303149606299213,0.006889763779527559,0.00213254593175853,0.0,0.0,105408,5.783242258652095,916.4409448818898,Bukit Panjang Road,1.3824,103.7603
2020,S84,94069,2037.3999799999956,0.02165856956064161,2384,0.8546140855704679,12.6,2384,1088,468,62,5,0.025343099214406445,0.025343099214406445,0.011565978164964016,0.004975071490076434,0.0006590906674887583,5.315247318457728e-05,105408,89.24275197328475,2282.9865002481106,Simei Avenue,1.3437,103.9444
2020,S221,54464,1660.8239999999976,0.030493977673325456,1865,0.8905222520107225,11.286,1865,903,381,51,9,0.03424280258519389,0.03424280258519389,0.01657975910693302,0.0069954465334900115,0.0009363983548766158,0.00016524676850763808,105408,51.66970248937462,3214.3091985898895,Hougang Avenue 1,1.35691,103.89088
2020,S222,54466,1775.2319999999943,0.03259339771600621,2117,0.8385602267359444,13.869,2117,2117,499,56,1,0.038868284801527556,0.038868284801527556,0.038868284801527556,0.009161678845518304,0.0010281643594168839,1.836007784673007e-05,105408,51.67159987856709,3435.6048664487826,Henderson Road,1.28987,103.82364
2020,S46,93613,2174.000019999994,0.02322327048593672,2830,0.7681978869257929,10.2,2830,1323,511,49,1,0.03023084400670847,0.03023084400670847,0.014132652516210355,0.005458643564462201,0.0005234315746744576,1.0682277034172604e-05,105408,88.81014723740134,2447.9184953816175,Sime Road,1.3416,103.8106
2020,S91,100887,2065.200009999996,0.020470427408883166,2745,0.752349730418942,11.4,2745,1295,487,50,1,0.027208659192958458,0.027208659192958458,0.012836143407971295,0.004827182887785344,0.0004956039925857643,9.912079851715285e-06,105408,95.71095173041894,2157.746812315557,Yishun Avenue 5,1.4301,103.8308
2020,S220,54466,1303.2600200000027,0.023927955421731036,1665,0.7827387507507524,11.165,1665,1665,364,38,1,0.030569529614805566,0.030569529614805566,0.030569529614805566,0.006683068336209745,0.0006976829581757427,1.836007784673007e-05,105408,51.67159987856709,2522.197925093825,Compassvale Lane,1.38666,103.89797
2020,S50,101443,2442.1999999999907,0.024074603471900383,2992,0.8162433155080183,10.6,2992,1415,577,58,1,0.0294943958676301,0.0294943958676301,0.013948719970821052,0.005687923267253532,0.0005717496525142198,9.857752629555515e-06,105408,96.23842592592592,2537.655802766076,Clementi Road,1.3337,103.7768
2020,S79,100909,2651.5999699999898,0.026277140492919262,3130,0.847156539936099,10.2,3130,1482,665,63,1,0.031018045962203568,0.031018045962203568,0.014686499717567313,0.006590096027113538,0.0006243248867791773,9.909918837764719e-06,105408,95.73182301153612,2769.8208250776333,Somerset Road,1.3004,103.8372
2020,S81,101427,2270.000009999992,0.022380628530864484,2722,0.8339456318883145,10.0,2722,1287,551,65,0,0.026837035503366954,0.026837035503366954,0.012688928983406785,0.005432478531357528,0.0006408549991619588,0.0,105408,96.22324681238615,2359.097292181363,Punggol Central,1.4029,103.9092
2020,S115,97272,3131.99999999999,0.03219837157660982,3181,0.9845960389814492,13.0,3181,1612,751,110,9,0.03270211366066288,0.03270211366066288,0.01657208652027305,0.007720618471913809,0.0011308495764454313,9.25240562546262e-05,105408,92.28142076502732,3393.9659511472873,Tuas South Avenue 3,1.29377,103.61843
2020,S227,53467,1324.0,0.024762937886920904,1745,0.7587392550143266,9.8,1745,845,301,28,0,0.0326369536349524,0.0326369536349524,0.015804140871939702,0.0056296407129631364,0.0005236875081826173,0.0,105408,50.72385397692775,2610.2117567845585,Woodlands Drive 62,1.43944,103.80389
2020,S89,101437,3649.4000599999868,0.03597701095261085,3448,1.0584106902552166,12.4,3448,1873,869,134,10,0.033991541547955875,0.033991541547955875,0.018464662795626842,0.00856689373699932,0.0013210169859124382,9.858335715764465e-05,105408,96.23273375834852,3792.2647704928045,Tuas Road,1.31985,103.66162
2020,S204,54466,1479.158989999996,0.02715747420409055,1788,0.8272701286353445,11.457,1788,1788,401,44,4,0.03282781918995337,0.03282781918995337,0.03282781918995337,0.0073623912165387585,0.0008078434252561231,7.344031138692028e-05,105408,51.67159987856709,2862.615040904777,S204,1.40081,103.88217
2020,S205,24938,616.2840099999999,0.024712647766460816,812,0.7589704556650244,13.056,812,812,167,18,2,0.032560750661640867,0.032560750661640867,0.032560750661640867,0.006696607586815302,0.0007217900392974577,8.019889325527307e-05,105408,23.65854584092289,2604.9107757671018,S205,1.38829,103.9116
2020,S210,52175,1434.9390099999969,0.027502424724484848,1786,0.8034372956326971,11.055,1786,1786,400,38,1,0.03423095352180163,0.03423095352180163,0.03423095352180163,0.007666506947771922,0.0007283181600383326,1.9166267369429804e-05,105408,49.49814055859138,2898.975585358499,Woodlands Centre,1.44003,103.76904
2020,S214,51594,1467.8470000000025,0.028449955421173054,1767,0.8307000565930971,9.653,1767,834,355,44,0,0.03424816839167345,0.03424816839167345,0.01616467031050122,0.006880645036244524,0.0008528123425204481,0.0,105408,48.946948998178506,2998.8529010350094,Tanjong Rhu,1.29911,103.88289
2020,S218,54465,1773.7799899999989,0.032567336638208,1887,0.9399999947005824,11.628,1887,1887,487,58,2,0.034646103001927844,0.034646103001927844,0.034646103001927844,0.008941522078398972,0.0010649040668319104,3.672082989075553e-05,105408,51.670651183970854,3432.857820360229,Bukit Batok Street 34,1.36491,103.75065
2020,S216,52694,1634.2440099999985,0.031013853759441275,1802,0.9069056659267473,12.036,1802,1802,441,54,5,0.0341974418339849,0.0341974418339849,0.0341974418339849,0.008369074277906403,0.001024784605457927,9.488746346832657e-05,105408,49.99051305403764,3269.108297075186,Ang Mo Kio Avenue 10,1.36019,103.85335
2020,S123,99544,2767.1999999999907,0.02779876235634484,3019,0.9165948989731668,12.2,3019,1496,677,84,3,0.030328297034477217,0.030328297034477217,0.01502853009724343,0.006801012617535964,0.0008438479466366632,3.0137426665595114e-05,105408,94.43685488767456,2930.2119424575967,Towner Road,1.3214,103.8577
2020,S212,54466,1764.599999999998,0.032398193368339843,1816,0.9716960352422896,13.8,1816,845,406,70,3,0.03334190136966181,0.03334190136966181,0.015514265780486909,0.0074541916057724086,0.001285205449271105,5.508023354019021e-05,105408,51.67159987856709,3415.0287665699666,Tampines Avenue 9,1.31835,103.93574
2020,S88,101465,2537.000009999992,0.025003695954269867,2983,0.8504860911833698,11.6,2983,1425,563,80,8,0.029399300251318188,0.029399300251318188,0.014044251712413148,0.005548711378307791,0.0007884492189424925,7.884492189424925e-05,105408,96.2592972070431,2635.589583147678,Toa Payoh North,1.3427,103.8482
2020,S219,54392,1602.5729899999953,0.029463395168407035,1812,0.8844221799116972,11.658,1812,1812,435,59,3,0.033313722606265625,0.033313722606265625,0.033313722606265625,0.007997499632298868,0.00108471834093249,5.515516987792322e-05,105408,51.60139647844566,3105.6775579114487,Yio Chu Kang Road,1.37999,103.87643
2020,S230,53313,1649.000009999999,0.030930542456811642,2027,0.8135175185002462,9.60001,2027,968,397,48,0,0.038020745409187255,0.038020745409187255,0.01815692232663703,0.007446589012060848,0.000900343255866299,0.0,105408,50.57775500910747,3260.3266192876013,West Coast Road,1.30167,103.76444
2020,S78,101427,2789.600009999992,0.027503524801088388,2946,0.9469110692464331,13.8,2946,1432,646,93,5,0.02904552042355586,0.02904552042355586,0.014118528596921923,0.00636911276090193,0.0009169156141855719,4.929653839707376e-05,105408,96.22324681238615,2899.0915422331245,Poole Road,1.30703,103.89067
2020,S226,54466,1725.0940000000041,0.03167286013292704,2168,0.7957075645756476,11.571,2168,2168,502,42,1,0.03980464877171079,0.03980464877171079,0.03980464877171079,0.009216759079058496,0.000771123269562663,1.836007784673007e-05,105408,51.67159987856709,3338.5728408915734,Malan Road,1.27472,103.80389
2020,S69,96265,2277.7999999999947,0.023661766997351008,2680,0.8499253731343264,12.6,2680,1376,545,65,5,0.02783981717134992,0.02783981717134992,0.01429387627902145,0.005661455357606607,0.0006752194463200541,5.1939957409234925e-05,105408,91.3260853066181,2494.139535656775,Upper Peirce Reservoir Park,1.37,103.805
2020,S117,96621,2468.800039999993,0.02555138158371361,2885,0.8557365823223545,11.4,2885,1389,592,66,6,0.029858933358172655,0.029858933358172655,0.01437575682305089,0.0061270324256631585,0.0006830813177259602,6.209830161145093e-05,105408,91.66382058287796,2693.3200299760842,Banyan Road,1.256,103.679
2020,S29,78574,1764.999989999998,0.022462901086873495,1890,0.9338624285714275,9.60001,1890,916,440,55,0,0.0240537582406394,0.0240537582406394,0.011657800290172321,0.005599816733270547,0.0006999770916588184,0.0,105408,74.54272920461445,2367.7694777651614,Pasir Ris Drive 12,1.387,103.935
2020,S33,101041,3143.199989999988,0.03110816391365869,3222,0.9755431378026033,12.4,3222,1615,752,114,5,0.03188804544689779,0.03188804544689779,0.015983610613513326,0.007442523332112707,0.0011282548668362347,4.9484862580536616e-05,105408,95.85705069823922,3279.0493418109354,Jurong Pier Road,1.3081,103.71
2020,S43,101181,2410.799999999992,0.02382660776232684,2793,0.8631578947368392,14.4,2793,1305,564,72,6,0.027603996797817772,0.027603996797817772,0.012897678417884782,0.005574169063361698,0.0007115960506419189,5.929967088682658e-05,105408,95.9898679417122,2511.5150710113476,Kim Chuan Road,1.3399,103.8878
2020,S104,101338,2057.599979999996,0.02030432789279437,2735,0.7523217477148065,10.2,2735,1278,485,44,1,0.026988888669600742,0.026988888669600742,0.012611261323491682,0.004785963804298486,0.0004341905306992441,9.867966606801003e-06,105408,96.1388129933212,2140.2385945236692,Woodlands Avenue 9,1.44387,103.78538
2020,S112,94137,2219.5999799999936,0.023578401478695873,2768,0.8018786054913272,13.8,2768,1307,494,67,7,0.029403953811997407,0.029403953811997407,0.013884020098367273,0.005247670947661387,0.0007117286507961801,7.435970978467553e-05,105408,89.30726320582878,2485.352143066375,Lim Chu Kang Road,1.43854,103.70131
2020,S224,53007,1308.911979999997,0.024693191087969454,1629,0.8035064333947188,10.854,1629,1629,344,43,3,0.030731790140924784,0.030731790140924784,0.030731790140924784,0.006489708906370856,0.000811213613296357,5.6596298602071426e-05,105408,50.28745446265938,2602.8598862006843,Airport Boulevard,1.34392,103.98409
2020,S08,101451,2453.599979999992,0.02418507437087847,2931,0.8371204298874076,10.6,2931,1402,604,60,1,0.028890794570778013,0.028890794570778013,0.013819479354565258,0.005953613074292023,0.0005914185173137771,9.856975288562952e-06,105408,96.24601548269581,2549.3003192855576,Upper Thomson Road,1.3701,103.8271
2020,S24,101345,1850.6000199999962,0.01826039784893183,2486,0.7444086967015271,11.6,2486,1160,437,40,3,0.024530070551087867,0.024530070551087867,0.011446050619172135,0.004312003552222606,0.0003946914006611081,2.960185504958311e-05,105408,96.14545385549484,1924.7920164602065,Upper Changi Road North,1.3678,103.9826
2021,S116,103783,2879.1999999999875,0.027742501180347337,3075,0.9363252032520285,11.6,3075,1582,732,77,2,0.02962913001165894,0.02962913001165894,0.015243344285672991,0.007053178266190031,0.0007419326864708093,1.927097886937167e-05,105120,98.72812024353121,2916.291724078112,West Coast Highway,1.281,103.754
2021,S218,103732,3469.6320300000093,0.03344803946708835,3088,1.123585501943008,14.892,3088,3088,934,150,8,0.029769020167354335,0.029769020167354335,0.029769020167354335,0.00900397177341611,0.0014460340107199322,7.712181390506305e-05,105120,98.67960426179604,3516.057908780328,Bukit Batok Street 34,1.36491,103.75065
2021,S111,101877,2588.199989999989,0.025405145322300315,3093,0.836792754607174,10.8,3093,1556,637,62,3,0.030360140169027355,0.030360140169027355,0.015273319787586993,0.006252637985021153,0.0006085770095311012,2.9447274654730706e-05,105120,96.91495433789954,2670.5888762802088,Scotts Road,1.31055,103.8365
2021,S113,103731,2412.600009999991,0.02325823533948377,2862,0.8429769426974113,11.2,2862,1407,585,59,5,0.02759059490412702,0.02759059490412702,0.013563929779911502,0.005639587008705209,0.0005687788607070211,4.820159836500178e-05,105120,98.67865296803653,2444.905698886534,Marine Parade Road,1.30648,103.9104
2021,S230,103797,3155.399959999986,0.030399722149965665,3227,0.9778121970870735,12.4,3227,1740,760,113,4,0.03108953052593042,0.03108953052593042,0.016763490274285385,0.007321984257733846,0.0010886634488472692,3.8536759251230766e-05,105120,98.74143835616438,3195.6187924043907,West Coast Road,1.30167,103.76444
2021,S60,96,2.8000000000000007,0.029166666666666674,8,0.3500000000000001,1.2,8,2,1,0,0,0.08333333333333333,0.08333333333333333,0.020833333333333332,0.010416666666666666,0.0,0.0,105120,0.091324200913242,3066.0000000000005,Sentosa,1.25,103.8279
2021,S61,96,0.4,0.004166666666666667,2,0.2,0.2,2,0,0,0,0,0.020833333333333332,0.020833333333333332,0.0,0.0,0.0,0.0,105120,0.091324200913242,438.0,Chai Chee Street,1.323,103.9217
2021,S100,101066,2871.4000199999878,0.028411137474521477,3175,0.9043779590551143,12.6,3175,1619,697,85,3,0.03141511487542794,0.03141511487542794,0.016019234955375695,0.0068964834860388265,0.0008410345714681495,2.9683573110640573e-05,105120,96.14345509893455,2986.578771321698,Woodlands Road,1.4172,103.74855
2021,S212,103459,2493.800009999992,0.024104234624343867,2801,0.8903248875401615,9.8,2801,1481,621,63,0,0.027073526711064288,0.027073526711064288,0.014314849360616283,0.00600237775350622,0.0006089368735441093,0.0,105120,98.41990106544901,2533.8371437110272,Tampines Avenue 9,1.31835,103.93574
2021,S215,103793,2468.8859899999957,0.02378663291358758,2982,0.8279295741113333,11.571,2982,2982,689,70,1,0.028730261192951356,0.028730261192951356,0.028730261192951356,0.006638212596225179,0.000674419276829844,9.634561097569201e-06,105120,98.73763318112633,2500.4508518763264,GEYLANG EAST CENTRAL,1.32785,103.88899
2021,S106,96029,2343.200009999992,0.024400962313467722,2663,0.8799098798347698,10.6,2663,1358,565,66,1,0.027731206198127648,0.027731206198127648,0.014141561403326078,0.005883639317289569,0.0006872923804267461,1.0413520915556758e-05,105120,91.35178843226788,2565.029158391727,Pulau Ubin,1.4168,103.9673
2021,S216,103783,3029.6039900000087,0.029191717236927133,3262,0.9287565879828353,12.444,3262,3262,799,120,6,0.031430966535945196,0.031430966535945196,0.031430966535945196,0.007698756058313982,0.0011562587321623003,5.781293660811501e-05,105120,98.72812024353121,3068.6333159457804,Ang Mo Kio Avenue 10,1.36019,103.85335
2021,S229,103537,3506.0130099999838,0.033862416430840994,3343,1.048762491773851,12.992,3343,3343,925,151,13,0.03228797434733477,0.03228797434733477,0.03228797434733477,0.008934004269005284,0.001458415832021403,0.00012555897891574993,105120,98.49410197869102,3559.6172152100053,Jurong West Street 42,1.35167,103.72195
2021,S81,103772,2806.399989999989,0.02704390384689501,3174,0.8841839918084401,13.8,3174,1675,659,86,6,0.030586285317812125,0.030586285317812125,0.016141155610376594,0.0063504606252168215,0.0008287399298462013,5.7819064872990785e-05,105120,98.71765601217656,2842.8551723856035,Punggol Central,1.4029,103.9092
2021,S226,101970,1922.625999999997,0.018854820045111277,2308,0.8330268630849207,10.0,2308,1827,505,54,0,0.022634108071001274,0.022634108071001274,0.01791703442188879,0.004952436991271942,0.000529567519858782,0.0,105120,97.00342465753425,1982.0186831420974,Malan Road,1.27472,103.80389
2021,S92,1419,2.4000000000000004,0.0016913319238900638,7,0.3428571428571429,0.6,7,4,0,0,0,0.004933051444679351,0.004933051444679351,0.0028188865398167725,0.0,0.0,0.0,105120,1.3498858447488584,177.7928118393235,South Buona Vista Road,1.2841,103.7886
2021,S108,103774,2520.9999899999884,0.024293175458207146,3010,0.8375415249169397,10.8,3010,1501,616,71,2,0.02900533852410045,0.02900533852410045,0.014464123961685971,0.005935976256094976,0.0006841790814654923,1.9272650182126543e-05,105120,98.71955859969559,2553.698604166735,Marina Gardens Drive,1.2799,103.8703
2021,S40,103776,3395.0000399999844,0.03271469357076766,3510,0.9672364786324742,15.0,3510,1764,702,151,15,0.033822849213691025,0.033822849213691025,0.016998149861239594,0.006764569842738205,0.0014550570459451126,0.00014454209065679926,105120,98.72146118721462,3438.968588159096,Mandai Lake Road,1.4044,103.78962
2021,S24,103681,2485.99996999999,0.023977391904013174,2966,0.8381658698583917,10.6,2966,1530,596,50,1,0.028606977170359083,0.028606977170359083,0.01475680211417714,0.0057484013464376305,0.0004822484351038281,9.644968702076561e-06,105120,98.63108828006088,2520.503436949865,Upper Changi Road North,1.3678,103.9826
2021,S900,103531,2723.599999999988,0.02630709642522518,3189,0.8540608341172744,14.8,3189,1668,648,70,8,0.03080236837275792,0.03080236837275792,0.016111116477190407,0.006258994890419295,0.0006761259912489979,7.727154185702834e-05,105120,98.48839421613394,2765.401976219671,Seletar Aerospace View,1.41284,103.86922
2021,S214,103080,2290.9129800000064,0.022224611757858035,2845,0.8052418207381393,10.835,2845,1449,548,61,2,0.027599922390376407,0.027599922390376407,0.014057043073341094,0.005316259216142802,0.0005917733798991075,1.9402405898331393e-05,105120,98.05936073059361,2336.2511879860367,Tanjong Rhu,1.29911,103.88289
2021,S228,103450,3556.674029999986,0.0343806092798452,3493,1.0182290380761483,10.89,3493,1889,823,140,4,0.03376510391493475,0.03376510391493475,0.018260028999516675,0.007955534074432093,0.0013533107781536974,3.8666022232962784e-05,105120,98.41133942161339,3614.0896474973274,Jurong West Street 73,1.34703,103.70073
2021,S71,103263,2991.2000599999833,0.02896681347626917,3391,0.8820996933058046,12.2,3391,1600,657,116,8,0.03283848038503627,0.03283848038503627,0.015494417167814222,0.006362395049533715,0.0011233452446665312,7.747208583907111e-05,105120,98.23344748858447,3044.991432625415,Kent Ridge Road,1.2923,103.7815
2021,S119,97804,2854.9999599999887,0.029191034722506122,3055,0.9345335384615348,16.6,3055,1609,660,98,15,0.031235941270295692,0.031235941270295692,0.0164512698867122,0.006748190258067155,0.001002004008016032,0.00015336796041061715,105120,93.04033485540334,3068.5615700298436,Nicoll Highway,1.30105,103.8666
2021,S33,102229,3142.3999899999853,0.030738831349225615,3174,0.9900441052299891,26.4,3174,1659,769,106,9,0.031047941386495026,0.031047941386495026,0.016228271821107514,0.007522327323949173,0.0010368877715716675,8.803764098250008e-05,105120,97.2498097412481,3231.265951430597,Jurong Pier Road,1.3081,103.71
2021,S84,103265,2868.1999499999897,0.027775141141722654,2971,0.9653988387748198,15.2,2971,1677,682,91,8,0.028770638648138284,0.028770638648138284,0.01623977146177311,0.006604367404251198,0.0008812279087783857,7.747058538711083e-05,105120,98.2353500761035,2919.7228368178853,Simei Avenue,1.3437,103.9444
2021,S224,103701,2252.4059699999952,0.02172019527294814,2622,0.8590411784897007,11.457,2622,2622,628,61,1,0.025284230624584143,0.025284230624584143,0.025284230624584143,0.006055872170953028,0.0005882296217008515,9.643108552472975e-06,105120,98.65011415525115,2283.226927092309,Airport Boulevard,1.34392,103.98409
2021,S205,103797,2885.783970000006,0.027802190525737795,3132,0.9213869636015345,10.812,3132,3132,762,98,2,0.03017428249371369,0.03017428249371369,0.03017428249371369,0.007341252637359462,0.0009441506016551538,1.9268379625615383e-05,105120,98.74143835616438,2922.566268065557,S205,1.38829,103.9116
2021,S50,100955,2983.399999999987,0.02955178049626058,3304,0.9029661016949113,13.4,3304,1730,701,95,3,0.03272745282551632,0.03272745282551632,0.017136347877767324,0.006943687781684909,0.0009410133227675697,2.9716210192660096e-05,105120,96.03786149162862,3106.4831657669124,Clementi Road,1.3337,103.7768
2021,S79,103258,2564.1999799999885,0.02483294253229763,3130,0.8192332204472806,14.2,3130,1584,635,54,5,0.03031242131360282,0.03031242131360282,0.015340215770206667,0.006149644579596738,0.0005229619012570455,4.8422398264541244e-05,105120,98.22869101978691,2610.4389189951266,Somerset Road,1.3004,103.8372
2021,S121,102558,3115.999999999987,0.030382807777062606,3323,0.937706891363222,11.2,3323,1716,726,110,4,0.03240117787008327,0.03240117787008327,0.016731995553735446,0.0070789211958111505,0.001072563817547144,3.900232063807797e-05,105120,97.56278538812785,3193.840753524821,Old Choa Chu Kang Road,1.37288,103.72244
2021,S204,103326,2779.427950000003,0.02689959884249853,3172,0.8762383196721321,13.065,3172,3172,761,89,4,0.03069895282891044,0.03069895282891044,0.03069895282891044,0.007365038809205814,0.0008613514507481177,3.8712424752724385e-05,105120,98.29337899543378,2827.6858303234453,S204,1.40081,103.88217
2021,S66,100693,2642.8000099999877,0.026246114526332392,3142,0.8411203087205562,11.0,3142,1476,594,75,3,0.031203757957355527,0.031203757957355527,0.0146584171690187,0.005899119104605087,0.0007448382707834706,2.9793530831338823e-05,105120,95.78862252663623,2758.9915590080614,Kranji Way,1.4387,103.7363
2021,S08,102991,3116.200019999987,0.03025701294287838,3475,0.8967482071942409,13.8,3475,1758,674,108,7,0.033740812303987726,0.033740812303987726,0.017069452670621706,0.00654426114903244,0.001048635317649115,6.79671039217019e-05,105120,97.97469558599695,3180.617200555375,Upper Thomson Road,1.3701,103.8271
2021,S11,88144,2836.6000099999897,0.032181430500090646,3036,0.9343214789196277,9.60001,3036,1583,693,83,0,0.03444363768379016,0.03444363768379016,0.017959248502450537,0.007862134688691232,0.0009416409511708114,0.0,105120,83.85083713850837,3382.911974169528,Choa Chu Kang Road,1.3746,103.6938
2021,S115,100860,2389.999999999991,0.023696212571881727,2650,0.9018867924528268,16.6,2650,1303,526,79,10,0.02627404322823716,0.02627404322823716,0.012918897481657744,0.005215149712472734,0.0007832639302002776,9.9147332936744e-05,105120,95.94748858447488,2490.945865556207,Tuas South Avenue 3,1.29377,103.61843
2021,S219,103789,2869.274990000004,0.0276452705970768,3186,0.9005885091023239,12.663,3186,3186,758,100,7,0.03069689466128395,0.03069689466128395,0.03069689466128395,0.007303278767499446,0.0009634932410949137,6.744452687664396e-05,105120,98.73382800608827,2906.0708451647133,Yio Chu Kang Road,1.37999,103.87643
2021,S29,96,2.0000000000000004,0.02083333333333334,7,0.28571428571428575,0.4,7,3,0,0,0,0.07291666666666667,0.07291666666666667,0.03125,0.0,0.0,0.0,105120,0.091324200913242,2190.0000000000005,Pasir Ris Drive 12,1.387,103.935
2021,S104,94726,2319.199999999992,0.024483246415978634,2925,0.7928888888888862,9.60001,2925,1472,543,58,0,0.030878533876654773,0.030878533876654773,0.015539556193653273,0.005732322699153348,0.0006122922956738382,0.0,105120,90.11225266362253,2573.678863247674,Woodlands Avenue 9,1.44387,103.78538
2021,S209,103252,3019.4959799999933,0.029243946654786284,3128,0.965312014066494,12.524,3128,3128,797,116,6,0.030294812691279586,0.030294812691279586,0.030294812691279586,0.007718978809127184,0.001123464920776353,5.811025452291481e-05,105120,98.22298325722983,3074.1236723511342,Yishun Ring Road,1.42111,103.84472
2021,S36,15589,1679.4000399999986,0.1077298120469561,883,1.9019253001132488,22.2,883,600,327,99,26,0.056642504329976265,0.056642504329976265,0.03848867791391366,0.020976329463082942,0.0063506318557957535,0.0016678427096029251,105120,14.829718417047184,11324.557842376025,Upper Serangoon Road,1.3382,103.8657
2021,S77,103241,2715.2000299999877,0.026299629313935237,3254,0.8344191856176975,15.0,3254,1662,661,61,6,0.03151848587286059,0.03151848587286059,0.016098255538012998,0.006402495132747649,0.0005908505341869994,5.8116445985606495e-05,105120,98.2125190258752,2764.617033480872,Alexandra Road,1.2937,103.8125
2021,S201,103797,3155.199969999986,0.030397795408345002,3399,0.9282730126507756,11.2,3399,1794,746,111,7,0.03274661117373334,0.03274661117373334,0.017283736524176998,0.007187105600354538,0.001069395069221654,6.743932868965384e-05,105120,98.74143835616438,3195.4162533252265,Clementi Park,1.32311,103.76714
2021,S208,103791,1867.8240300000004,0.017996011503887625,2321,0.8047496897888843,10.812,2321,2321,500,39,2,0.022362247208332128,0.022362247208332128,0.022362247208332128,0.004817373375340829,0.00037575512327658466,1.9269493501363318e-05,105120,98.7357305936073,1891.740729288667,Changi East Close,1.3136,104.00317
2021,S44,103127,3043.999999999985,0.029517003306602393,3255,0.935176651305679,12.0,3255,1722,752,79,5,0.03156302423225731,0.03156302423225731,0.016697857980936127,0.007291979791907066,0.0007660457494157689,4.848390819087145e-05,105120,98.10407153729072,3102.827387590044,Nanyang Avenue,1.34583,103.68166
2021,S207,103797,2766.56398,0.026653602512596703,2816,0.9824445951704545,14.472,2816,2816,729,101,5,0.02712987851286646,0.02712987851286646,0.02712987851286646,0.0070233243735368074,0.0009730531710935769,4.817094906403846e-05,105120,98.74143835616438,2801.8266961241657,Bedok Road,1.32485,103.95836
2021,S78,103749,2534.39997999999,0.0244281870668632,2990,0.8476254113712341,13.8,2990,1509,593,78,4,0.02881955488727602,0.02881955488727602,0.014544718503310875,0.005715717741857753,0.0007518144753202441,3.8554588477961236e-05,105120,98.69577625570776,2567.8910244686595,Poole Road,1.30703,103.89067
2021,S223,103797,2831.8499999999917,0.02728258042139938,3194,0.886615529117092,15.428,3194,3194,769,82,3,0.030771602262107768,0.030771602262107768,0.030771602262107768,0.007408691966049115,0.0007900035646502307,2.8902569438423076e-05,105120,98.74143835616438,2867.944853897503,Margaret Drive,1.29984,103.80264
2021,S89,103767,2663.4000099999876,0.02566711970086817,3105,0.8577777809983856,10.8,3105,1495,630,81,1,0.02992280782907861,0.02992280782907861,0.014407277843630441,0.006071294342131892,0.0007805949868455289,9.636975146241098e-06,105120,98.712899543379,2698.1276229552623,Tuas Road,1.31985,103.66162
2021,S112,103500,2649.3999899999885,0.025598067536231773,3296,0.8038228124999965,13.8,3296,1573,608,66,3,0.03184541062801932,0.03184541062801932,0.015198067632850242,0.0058743961352657,0.0006376811594202899,2.898550724637681e-05,105120,98.45890410958904,2690.868859408684,Lim Chu Kang Road,1.43854,103.70131
2021,S221,103797,3134.5379399999883,0.030198733489407097,3228,0.9710464498141228,11.88,3228,1714,710,115,8,0.03109916471574323,0.03109916471574323,0.016513001339152383,0.006840274767093461,0.0011079318284728846,7.707351850246153e-05,105120,98.74143835616438,3174.490864406474,Hougang Avenue 1,1.35691,103.89088
2021,S82,101760,2168.199989999991,0.021306996757075383,2747,0.7892974117218752,11.0,2747,1243,508,56,1,0.026994889937106917,0.026994889937106917,0.012215015723270441,0.004992138364779874,0.000550314465408805,9.827044025157232e-06,105120,96.80365296803653,2239.791499103764,Tuas West Road,1.3247,103.6351
2021,S118,103088,2594.9999699999894,0.02517266772078214,2924,0.8874828898768774,11.4,2924,1515,641,64,6,0.02836411609498681,0.02836411609498681,0.014696181902840291,0.0062179885146670805,0.0006208288064566196,5.8202700605308085e-05,105120,98.06697108066972,2646.1508308086186,Handy Road,1.2994,103.8461
2021,S120,103763,2963.3999899999862,0.028559312953557493,3433,0.863210017477421,16.4,3433,1766,718,71,7,0.033085011034761906,0.033085011034761906,0.017019554176344168,0.006919614891628037,0.0006842516118462265,6.74614265200505e-05,105120,98.70909436834094,3002.1549776779634,Holland Road,1.30874,103.818
2021,S227,103797,2868.6679999999933,0.027637292021927353,3185,0.9006806907378315,13.332,3185,2446,716,88,14,0.0306848945537925,0.0306848945537925,0.023565228282127614,0.006898079905970307,0.0008478087035270769,0.00013487865737930768,105120,98.74143835616438,2905.232137345003,Woodlands Drive 62,1.43944,103.80389
2021,S88,103745,3044.3999899999862,0.029345028579690454,3344,0.9104066955741585,12.0,3344,1718,703,99,2,0.03223287869294906,0.03223287869294906,0.016559834208877536,0.006776230179767699,0.000954262856041255,1.9278037495782928e-05,105120,98.69197108066972,3084.7494042970607,Toa Payoh North,1.3427,103.8482
2021,S222,103797,2947.6649700000025,0.028398363825544115,3248,0.9075323183497545,14.874,3248,3248,784,101,10,0.031291848511999384,0.031291848511999384,0.031291848511999384,0.00755320481324123,0.0009730531710935769,9.634189812807692e-05,105120,98.74143835616438,2985.2360053411976,Henderson Road,1.28987,103.82364
2021,S35,89290,3300.199959999988,0.03696046544965828,2990,1.103745806020063,12.8,2990,1673,776,137,14,0.03348639265315265,0.03348639265315265,0.01873670063836936,0.008690782842423564,0.0015343263523350879,0.00015679247396124986,105120,84.9410197869102,3885.2841280680786,Old Toh Tuck Road,1.3329,103.7556
2021,S91,19701,407.0000000000001,0.020658849804578452,549,0.7413479052823317,8.8,549,337,91,9,0,0.027866605756052994,0.027866605756052994,0.01710573067356987,0.004619054870311151,0.00045682960255824577,0.0,105120,18.741438356164384,2171.6582914572873,Yishun Avenue 5,1.4301,103.8308
2021,S07,32,0.0,0.0,0,,0.0,0,0,0,0,0,0.0,0.0,0.0,0.0,0.0,0.0,105120,0.030441400304414,0.0,Lornie Road,1.3415,103.8334
2021,S114,97998,3057.5999599999873,0.031200636339517,3151,0.970358603617895,15.2,3151,1615,708,101,8,0.03215371742280455,0.03215371742280455,0.01647992816179922,0.007224637237494643,0.001030633278230168,8.163431906773607e-05,105120,93.22488584474885,3279.8108920100276,Choa Chu Kang Avenue 4,1.38,103.73
2021,S69,101090,3133.7999699999864,0.0310000986249875,3258,0.9618784438305668,15.6,3258,1776,670,122,13,0.032228707092689685,0.032228707092689685,0.01756850331387872,0.006627757443861905,0.0012068453853002275,0.00012859827876149965,105120,96.16628614916286,3258.730367458686,Upper Peirce Reservoir Park,1.37,103.805
2021,S107,102982,2218.599989999993,0.021543570623992474,2551,0.8696981536652265,10.2,2551,1313,557,55,1,0.024771319259676447,0.024771319259676447,0.012749800936085917,0.005408712202132412,0.0005340739158299509,9.710434833271834e-06,105120,97.96613394216133,2264.6601439940887,East Coast Parkway,1.3135,103.9625
2021,S203,103797,3569.3579200000104,0.03438787171112855,3392,1.0522871226415125,13.869,3392,3392,894,164,25,0.03267917184504369,0.03267917184504369,0.03267917184504369,0.008612965692650076,0.0015800071293004614,0.0002408547453201923,105120,98.74143835616438,3614.8530742738335,Pasir Panjang,1.29164,103.7702
2021,S211,103797,3221.2040099999863,0.031033690858117153,3301,0.9758267222053881,15.631,3301,3301,808,124,14,0.03180246057207819,0.03180246057207819,0.03180246057207819,0.007784425368748615,0.0011946395367881538,0.00013487865737930768,105120,98.74143835616438,3262.2615830052755,Kranji Road,1.42918,103.75711
2021,S122,49049,1017.8000000000005,0.020750677893535047,1241,0.820145044319098,7.8,1241,550,251,25,0,0.025301229382862035,0.025301229382862035,0.011213276519398968,0.005117331647943893,0.0005096943872454076,0.0,105120,46.66000761035008,2181.3112601684043,Sembawang Road,1.41731,103.8249
2021,S94,103771,2622.9999899999907,0.025276811344209758,2987,0.8781385972547675,9.39999,2987,1563,651,57,0,0.02878453517842172,0.02878453517842172,0.015062011544651203,0.006273428992685817,0.0005492864094978365,0.0,105120,98.71670471841705,2657.0984085033297,Pasir Ris Street 51,1.3662,103.9528
2021,S123,100781,2652.19998999999,0.02631646828271192,3744,0.7083867494658093,13.0,3744,1563,617,66,4,0.037149859596550934,0.037149859596550934,0.015508875680931922,0.0061221857294529725,0.0006548853454520198,3.9690020936486046e-05,105120,95.87233637747336,2766.387145878677,Towner Road,1.3214,103.8577
2021,S202,102593,3363.9059999999927,0.032788845242852756,3323,1.0123099608787218,13.13,3323,3323,923,132,9,0.032390124082539745,0.032390124082539745,0.032390124082539745,0.008996715175499303,0.0012866374898872243,8.772528340140166e-05,105120,97.5960806697108,3446.7634119286818,S202,1.30968,103.7578
2021,S217,103281,3041.876990000008,0.029452435491523203,3338,0.9112872947873002,10.638,3338,1784,726,108,4,0.03231959411702055,0.03231959411702055,0.017273264201547234,0.007029366485607227,0.001045690882156447,3.872929193172026e-05,105120,98.25057077625571,3096.040018868919,Bishan Street 13,1.35041,103.85526
2021,S43,103768,3030.4000199999873,0.0292036082414616,3173,0.9550583107469232,12.0,3173,1677,690,102,7,0.030577827461259734,0.030577827461259734,0.016161051576593942,0.0066494487703338215,0.000982961992136304,6.745817593092283e-05,105120,98.71385083713851,3069.8832983424436,Kim Chuan Road,1.3399,103.8878
2021,S90,103773,2986.199969999985,0.028776270995345465,3409,0.8759753505426767,15.4,3409,1728,698,83,5,0.032850548794002295,0.032850548794002295,0.01665173021884305,0.0067262197296021125,0.0007998226899097068,4.8182089753596794e-05,105120,98.71860730593608,3024.961607030715,Bukit Timah Road,1.3191,103.8191
2021,S109,100756,2864.199979999988,0.028427090992099606,3269,0.8761700764759829,10.4,3269,1691,666,90,3,0.032444717932430825,0.032444717932430825,0.016783119615705267,0.006610028186906983,0.0008932470522847274,2.977490174282425e-05,105120,95.84855403348554,2988.255805089511,Ang Mo Kio Avenue 5,1.3764,103.8492
2021,S213,102752,2844.5999899999883,0.02768413257162866,2877,0.9887382655543929,15.0,2877,1587,708,79,10,0.027999454998442853,0.027999454998442853,0.015444954842728122,0.006890376829648085,0.0007688414824042354,9.732170663344753e-05,105120,97.74733637747336,2910.156015929605,Coronation Walk,1.32427,103.8097
2021,S220,103797,2716.9520099999922,0.02617563137662931,3097,0.8772851178559872,12.586,3097,3097,736,82,3,0.029837085850265423,0.029837085850265423,0.029837085850265423,0.007090763702226461,0.0007900035646502307,2.8902569438423076e-05,105120,98.74143835616438,2751.582370311273,Compassvale Lane,1.38666,103.89797
2021,S210,103797,3006.356940000004,0.028963813405011748,3331,0.9025388592014423,14.472,3331,3331,813,101,11,0.032091486266462424,0.032091486266462424,0.032091486266462424,0.007832596317812654,0.0009730531710935769,0.00010597608794088461,105120,98.74143835616438,3044.6760651348345,Woodlands Centre,1.44003,103.76904
2022,S102,20459,532.2000000000008,0.026013001612982103,849,0.6268551236749127,7.2,849,308,135,7,0,0.04149762940515177,0.04149762940515177,0.015054499242387213,0.006598562979617772,0.00034214771005425487,0.0,105120,19.46251902587519,2734.4867295566787,Semakau Landfill,1.189,103.768
2022,S227,104946,3588.731939999992,0.03419598593562396,3392,1.0579988030660354,12.928,3392,3392,957,153,15,0.03232138433098927,0.03232138433098927,0.03232138433098927,0.00911897547310045,0.0014578926304956836,0.00014293065004859643,105120,99.83447488584476,3594.6820415527905,Woodlands Drive 62,1.43944,103.80389
2022,S900,104429,3293.000019999986,0.03153338651140953,3471,0.9487179544799729,13.2,3471,1773,760,126,5,0.033237893688534796,0.033237893688534796,0.016978042497773606,0.0072776719110591885,0.0012065613957808654,4.7879420467494664e-05,105120,99.34265601217656,3314.7895900793696,Seletar Aerospace View,1.41284,103.86922
2022,S106,103370,2422.2000199999916,0.023432330656863613,2951,0.820806513046422,11.0,2951,1413,578,63,3,0.028547934603850248,0.028547934603850248,0.013669343136306472,0.005591564283641289,0.0006094611589436006,2.902195994969527e-05,105120,98.33523592085236,2463.2065986495027,Pulau Ubin,1.4168,103.9673
2022,S115,102478,2629.999999999989,0.02566404496574864,3189,0.824709940420191,11.6,3189,1421,598,88,4,0.03111887429497063,0.03111887429497063,0.013866390835106072,0.005835398817307129,0.0008587208961923535,3.903276800874334e-05,105120,97.48668188736681,2697.804406799497,Tuas South Avenue 3,1.29377,103.61843
2022,S88,104903,2898.0000599999867,0.02762552129109736,3344,0.866626812200953,13.0,3344,1601,656,100,12,0.03187706738606141,0.03187706738606141,0.015261717968027607,0.006253395994394822,0.0009532615845114058,0.0001143913901413687,105120,99.7935692541857,2903.994798120155,Toa Payoh North,1.3427,103.8482
2022,S202,104952,3416.6279599999925,0.03255419582285228,3441,0.992917163615226,12.322,3441,3441,970,114,6,0.03278641664761034,0.03278641664761034,0.03278641664761034,0.009242320298803262,0.0010862108392407958,5.716899153898925e-05,105120,99.84018264840182,3422.097064898232,S202,1.30968,103.7578
2022,S204,104952,3099.821970000003,0.029535615995883863,3310,0.9365021057401822,11.256,3310,3310,872,98,3,0.03153822699900907,0.03153822699900907,0.03153822699900907,0.008308560103666438,0.0009337601951368244,2.8584495769494626e-05,105120,99.84018264840182,3104.7839534873115,S204,1.40081,103.88217
2022,S221,104947,3069.5940199999914,0.02924899253909108,3280,0.935851835365851,12.474,3280,1618,717,116,10,0.03125387100155316,0.03125387100155316,0.01541730587820519,0.00683201997198586,0.0011053198281037095,9.528619207790598e-05,105120,99.83542617960426,3074.654095709254,Hougang Avenue 1,1.35691,103.89088
2022,S223,104936,2898.6369999999897,0.027622903484028263,3171,0.9141081677704161,14.007,3171,3171,846,79,5,0.03021841884577266,0.03021841884577266,0.03021841884577266,0.008062056872760539,0.0007528398261797667,4.7648090264542194e-05,105120,99.82496194824962,2903.7196142410507,Margaret Drive,1.29984,103.80264
2022,S114,104961,3003.6000199999885,0.02861634340374033,3398,0.8839317304296611,13.8,3398,1680,698,99,6,0.03237392936424005,0.03237392936424005,0.016005945065309973,0.006650089080706167,0.0009432074770629091,5.7164089518964185e-05,105120,99.84874429223744,3008.1500186011835,Choa Chu Kang Avenue 4,1.38,103.73
2022,S89,104937,3044.4000099999876,0.029011692825218822,3342,0.9109515290245325,10.6,3342,1604,700,110,4,0.031847680036593384,0.031847680036593384,0.0152853616932064,0.0066706690681075315,0.0010482479964168978,3.811810896061447e-05,105120,99.82591324200914,3049.709149787003,Tuas Road,1.31985,103.66162
2022,S121,99808,2761.600009999989,0.027669124819653626,3265,0.8458192986217424,11.4,3265,1629,668,69,2,0.032712808592497596,0.032712808592497596,0.016321336966976595,0.006692850272523245,0.0006913273485091375,2.0038473869830074e-05,105120,94.94672754946727,2908.578401041989,Old Choa Chu Kang Road,1.37288,103.72244
2022,S212,104461,2239.399979999992,0.021437665540249395,2922,0.7663928747433237,11.2,2922,1302,508,61,2,0.027972161859449937,0.027972161859449937,0.012463981773101923,0.004863058940657279,0.0005839499909056969,1.914590134117039e-05,105120,99.37309741248097,2253.5274015910163,Tampines Avenue 9,1.31835,103.93574
2022,S224,104951,2011.0049899999913,0.019161370449066625,2769,0.7262567677862013,8.84399,2769,2769,563,46,0,0.02638374098388772,0.02638374098388772,0.02638374098388772,0.005364408152375871,0.0004382997779916342,0.0,105120,99.83923135464231,2014.2432616058834,Airport Boulevard,1.34392,103.98409
2022,S35,96769,3069.200009999988,0.03171676890326435,3085,0.994878447325766,21.4,3085,1590,782,104,7,0.03188004422904029,0.03188004422904029,0.016430881790656097,0.008081100352385578,0.00107472434353977,7.233721543056145e-05,105120,92.05574581430746,3334.066747111149,Old Toh Tuck Road,1.3329,103.7556
2022,S77,104935,2927.1999699999888,0.02789536351074464,3229,0.9065345215236881,14.0,3229,1603,707,92,5,0.030771429932815553,0.030771429932815553,0.015276123314432745,0.00673750416924763,0.0008767332158002573,4.7648544336970506e-05,105120,99.82401065449011,2932.3606122494766,Alexandra Road,1.2937,103.8125
2022,S94,104928,2497.3999599999906,0.023801082265934647,3089,0.8084816963418552,9.39999,3089,1456,602,55,0,0.02943923452272034,0.02943923452272034,0.01387618176273254,0.005737267459591339,0.0005241689539493748,0.0,105120,99.81735159817352,2501.96976779505,Pasir Ris Street 51,1.3662,103.9528
2022,S112,104879,2643.7999999999906,0.025208096949818272,3508,0.7536488027365994,12.0,3508,1527,637,59,4,0.033448068726818526,0.033448068726818526,0.014559635389353445,0.006073665843495838,0.0005625530373096616,3.813918897014655e-05,105120,99.77073820395738,2649.8751513648967,Lim Chu Kang Road,1.43854,103.70131
2022,S208,104946,1620.168,0.015438111028528956,2224,0.7284928057553957,8.16,2224,2224,493,24,0,0.02119185104720523,0.02119185104720523,0.02119185104720523,0.004697654031597202,0.00022868904007775429,0.0,105120,99.83447488584476,1622.854231318964,Changi East Close,1.3136,104.00317
2022,S220,104946,2750.447009999994,0.026208211937567834,3088,0.8906887985751276,10.962,3088,3088,780,79,5,0.029424656490004385,0.029424656490004385,0.029424656490004385,0.007432393802527014,0.0007527680902559412,4.764355001619881e-05,105120,99.83447488584476,2755.007238877131,Compassvale Lane,1.38666,103.89797
2022,S230,104952,3264.7999999999874,0.031107553929415232,3384,0.9647754137115803,12.0,3384,1744,813,95,5,0.032243311227989936,0.032243311227989936,0.016617120207332876,0.007746398353533044,0.0009051756993673298,4.764082628249104e-05,105120,99.84018264840182,3270.0260690601294,West Coast Road,1.30167,103.76444
2022,S33,103272,2666.600049999988,0.02582113302734515,3133,0.8511331152250202,11.8,3133,1492,678,70,3,0.030337361530715003,0.030337361530715003,0.014447284840034085,0.006565187078782245,0.0006778216748005268,2.9049500348594004e-05,105120,98.2420091324201,2714.3175038345216,Jurong Pier Road,1.3081,103.71
2022,S100,104409,2759.9999799999905,0.026434502581195018,3265,0.8453292434915745,14.8,3265,1646,672,70,4,0.03127125056269096,0.03127125056269096,0.015764924479690447,0.0064362267620607415,0.0006704402877146606,3.8310873583694895e-05,105120,99.3236301369863,2778.79491133522,Woodlands Road,1.4172,103.74855
2022,S116,101629,2553.4000199999905,0.025124718535063716,2942,0.8679129911624712,11.0,2942,1452,641,66,1,0.028948430074093024,0.028948430074093024,0.014287260526030956,0.006307254818998514,0.0006494209330014071,9.839711106081925e-06,105120,96.67903348554033,2641.110412405898,West Coast Highway,1.281,103.754
2022,S203,104951,3419.813960000006,0.03258486303131943,3470,0.9855371642651314,13.065,3470,3470,962,128,5,0.03306304847023849,0.03306304847023849,0.03306304847023849,0.009166182313651133,0.0012196167735419386,4.7641280216481976e-05,105120,99.83923135464231,3425.3208018522987,Pasir Panjang,1.29164,103.7702
2022,S215,104953,2442.495999999999,0.02327228378417005,3067,0.7963795239647862,10.353,3067,3067,665,72,1,0.029222604403876022,0.029222604403876022,0.029222604403876022,0.006336169523500996,0.000686021361942965,9.528074471430068e-06,105120,99.84113394216133,2446.3824713919557,GEYLANG EAST CENTRAL,1.32785,103.88899
2022,S78,104938,2405.5999999999917,0.02292401227391404,3111,0.7732561877209874,11.4,3111,1420,585,50,3,0.02964607673102213,0.02964607673102213,0.013531799729364006,0.005574720311040805,0.0004764718214564791,2.8588309287388745e-05,105120,99.82686453576865,2409.772170233844,Poole Road,1.30703,103.89067
2022,S120,103674,3259.8000099999867,0.03144279192468687,3390,0.961592923303831,14.8,3390,1660,802,105,10,0.032698651542334624,0.032698651542334624,0.016011729073827575,0.007735787179041997,0.001012790092019214,9.645619923992515e-05,105120,98.62442922374429,3305.266287123084,Holland Road,1.30874,103.818
2022,S108,99655,2137.199999999994,0.021445988660879975,2777,0.7696074900972251,12.8,2777,1304,542,36,1,0.02786613817670965,0.02786613817670965,0.013085143745923436,0.005438763734885354,0.00036124629973408257,1.003461943705785e-05,105120,94.80117960426179,2254.4023280317033,Marina Gardens Drive,1.2799,103.8703
2022,S201,104951,3388.6000099999865,0.0322874485235966,3533,0.9591282224738145,13.6,3533,1738,813,120,7,0.033663328600966165,0.033663328600966165,0.016560109003249137,0.00774647216319997,0.0011433907251955674,6.669779230307477e-05,105120,99.83923135464231,3394.0565888004744,Clementi Park,1.32311,103.76714
2022,S228,104952,3699.8279999999863,0.03525257260461912,3519,1.051386189258308,13.464,3519,1846,875,148,9,0.033529613537617194,0.033529613537617194,0.017588993063495692,0.008337144599435933,0.001410168457961735,8.575348730848388e-05,105120,99.84018264840182,3705.7504321975625,Jurong West Street 73,1.34703,103.70073
2022,S71,104710,3294.000009999986,0.03145831353261375,3444,0.9564459959349553,11.0,3444,1723,805,107,2,0.03289084137140674,0.03289084137140674,0.016454970871932,0.007687899914048324,0.0010218699264635661,1.9100372457262918e-05,105120,99.6099695585997,3306.8979185483577,Kent Ridge Road,1.2923,103.7815
2022,S82,93235,2297.599999999994,0.024643106129672267,2714,0.8465733235077354,10.2,2714,1263,529,73,2,0.02910924009224004,0.02910924009224004,0.013546414972917895,0.005673834933233228,0.0007829677696144151,2.145117177025795e-05,105120,88.69387366818874,2590.483316351149,Tuas West Road,1.3247,103.6351
2022,S219,104651,3175.1970200000023,0.030340818721273588,3274,0.9698219364691516,13.869,3274,3274,848,106,11,0.03128493755434731,0.03128493755434731,0.03128493755434731,0.008103123715970224,0.001012890464496278,0.0001051112746175383,105120,99.55384322678843,3189.4268639802794,Yio Chu Kang Road,1.37999,103.87643
2022,S213,104947,3261.9999999999877,0.031082355855812815,3326,0.980757666867104,12.8,3326,1692,802,100,8,0.03169218748511153,0.03169218748511153,0.016122423699581695,0.00764195260464806,0.0009528619207790599,7.62289536623248e-05,105120,99.83542617960426,3267.377247563043,Coronation Walk,1.32427,103.8097
2022,S222,104951,3052.9889900000044,0.029089660794084902,3198,0.9546557191995011,13.467,3198,3198,832,107,8,0.030471362826461873,0.030471362826461873,0.030471362826461873,0.0079275090280226,0.0010195233966327143,7.622604834637116e-05,105120,99.83923135464231,3057.905142674205,Henderson Road,1.28987,103.82364
2022,S210,103138,3096.0029600000044,0.0300180627896605,3390,0.9132752094395293,10.05,3390,3390,861,98,2,0.032868583839128156,0.032868583839128156,0.032868583839128156,0.008348038550291842,0.0009501832496267137,1.9391494890341097e-05,105120,98.11453576864535,3155.4987604491116,Woodlands Centre,1.44003,103.76904
2022,S61,33802,1027.2000100000005,0.030388734690255027,1238,0.829725371567044,8.60001,1238,549,242,34,0,0.03662505177208449,0.03662505177208449,0.016241642506360572,0.007159339684042364,0.001005857641559671,0.0,105120,32.15563165905632,3194.4637906396083,Chai Chee Street,1.323,103.9217
2022,S66,103868,2964.399999999989,0.02854007008895896,3197,0.9272442915232997,12.0,3197,1580,709,92,5,0.030779450841452612,0.030779450841452612,0.015211614741787654,0.006825971425270536,0.0008857395925597874,4.813802133477105e-05,105120,98.8089802130898,3000.132167751366,Kranji Way,1.4387,103.7363
2022,S111,102896,2582.399999999991,0.025097185507697004,3103,0.832226877215595,11.6,3103,1447,618,64,2,0.03015666303840771,0.03015666303840771,0.014062742963769243,0.006006064375680299,0.0006219872492613901,1.943710153941844e-05,105120,97.88432267884323,2638.216140569109,Scotts Road,1.31055,103.8365
2022,S214,104950,2165.6209600000057,0.020634787613149172,2905,0.7454805370051655,13.396,2905,1317,552,43,1,0.02767984754645069,0.02767984754645069,0.012548832777513102,0.005259647451167223,0.0004097189137684612,9.528346831824678e-06,105120,99.8382800608828,2169.128873894241,Tanjong Rhu,1.29911,103.88289
2022,S216,104950,3316.8360300000077,0.03160396407813252,3297,1.006016387625116,12.852,3297,3297,846,131,9,0.03141495950452596,0.03141495950452596,0.03141495950452596,0.008060981419723678,0.0012482134349690328,8.57551214864221e-05,105120,99.8382800608828,3322.20870389329,Ang Mo Kio Avenue 10,1.36019,103.85335
2022,S69,104333,3299.1999899999864,0.03162182617196847,3401,0.9700676242281642,13.2,3401,1693,782,113,10,0.03259754823497839,0.03259754823497839,0.016226888903798416,0.007495231614158512,0.0010830705529410638,9.584695158770476e-05,105120,99.25133181126331,3324.0863671973257,Upper Peirce Reservoir Park,1.37,103.805
2022,S44,104682,3107.000019999988,0.029680365487858355,3338,0.9307968903535015,10.2,3338,1676,761,92,1,0.03188704839418429,0.03188704839418429,0.016010393381861256,0.007269635658470415,0.0008788521426797348,9.552740681301465e-06,105120,99.58333333333333,3120.0000200836703,Nanyang Avenue,1.34583,103.68166
2022,S40,104226,3162.599999999987,0.030343676242012427,3326,0.9508719182200803,18.2,3326,1678,735,106,9,0.03191142325331491,0.03191142325331491,0.01609962965095082,0.007051983190374762,0.0010170207050064284,8.63508145760175e-05,105120,99.14954337899543,3189.727246560346,Mandai Lake Road,1.4044,103.78962
2022,S104,103186,3225.7999699999873,0.031261992615277144,3300,0.9775151424242385,13.6,3300,1705,782,110,5,0.03198108270501812,0.03198108270501812,0.016523559397592695,0.007578547477370961,0.0010660360901672708,4.845618591669413e-05,105120,98.16019786910198,3286.2606637179333,Woodlands Avenue 9,1.44387,103.78538
2022,S123,104338,2780.000019999988,0.026644175851559242,3271,0.8498930051971838,13.2,3271,1554,656,88,2,0.03135003546167264,0.03135003546167264,0.014893902509152946,0.006287258716862505,0.0008434127547010677,1.9168471697751537e-05,105120,99.25608828006088,2800.8357655159075,Towner Road,1.3214,103.8577
2022,S209,104949,3663.0679899999927,0.03490331484816428,3451,1.0614511706751646,15.554,3451,3451,945,159,15,0.032882638233808804,0.032882638233808804,0.032882638233808804,0.009004373552868537,0.001515021581911214,0.00014292656433124662,105120,99.83732876712328,3669.0364568390287,Yishun Ring Road,1.42111,103.84472
2022,S79,104094,2593.80000999999,0.024917862797087152,3123,0.8305475536343228,10.8,3123,1466,626,74,1,0.03000172920629431,0.03000172920629431,0.014083424596998866,0.006013795223547947,0.0007108959209944858,9.606701635060618e-06,105120,99.02397260273973,2619.3657372298017,Somerset Road,1.3004,103.8372
2022,S90,104857,3177.9999699999867,0.030307942912728637,3414,0.9308728676039797,11.8,3414,1659,761,106,5,0.032558627464070115,0.032558627464070115,0.01582154744080033,0.00725750307561727,0.001010900559810027,4.768398867028429e-05,105120,99.7498097412481,3185.970958986034,Bukit Timah Road,1.3191,103.8191
2022,S205,104952,2957.9999900000066,0.02818431273344011,3207,0.9223573401933292,13.056,3207,3207,783,101,12,0.030556825977589755,0.030556825977589755,0.030556825977589755,0.0074605533958380975,0.0009623446909063191,0.0001143379830779785,105120,99.84018264840182,2962.7349545392244,S205,1.38829,103.9116
2022,S217,104938,3198.886010000009,0.03048358087632706,3336,0.9588986840527605,16.548,3336,1660,750,129,11,0.031790199927576285,0.031790199927576285,0.015818864472355105,0.007147077321847186,0.001229297299357716,0.0001048238007204254,105120,99.82686453576865,3204.4340217195004,Bishan Street 13,1.35041,103.85526
2022,S229,104949,3353.3570399999853,0.031952253380213104,3379,0.9924110802012386,12.992,3379,3379,949,101,9,0.03219659072501882,0.03219659072501882,0.03219659072501882,0.00904248730335687,0.0009623721998303938,8.575593859874797e-05,105120,99.83732876712328,3358.8208753280014,Jurong West Street 42,1.35167,103.72195
2022,S36,39605,643.7999800000001,0.01625552278752683,590,1.0911864067796613,13.0,590,295,131,27,4,0.01489710895089004,0.01489710895089004,0.00744855447544502,0.0033076631738416865,0.000681732104532256,0.00010099734881959349,105120,37.67598934550989,1708.7805554248202,Upper Serangoon Road,1.3382,103.8657
2022,S113,104891,1992.7999999999934,0.01899877015187188,2910,0.6848109965635716,8.60001,2910,1257,444,41,0,0.027743085679419587,0.027743085679419587,0.011983868968738976,0.004232965650055772,0.00039088196318082583,0.0,105120,99.78215372907154,1997.150718364772,Marine Parade Road,1.30648,103.9104
2022,S226,104950,2972.999969999988,0.02832777484516425,3259,0.9122430101258018,12.2,3259,1632,707,104,4,0.031052882324916625,0.031052882324916625,0.015550262029537874,0.006736541210100048,0.0009909480705097666,3.811338732729871e-05,105120,99.8382800608828,2977.815691723666,Malan Road,1.27472,103.80389
2022,S43,104245,2789.5999899999874,0.02676003635665967,3239,0.8612534702068501,11.2,3239,1569,648,84,5,0.03107103458199434,0.03107103458199434,0.015051081586646841,0.00621612547364382,0.0008057940428797544,4.7963931123794903e-05,105120,99.16761796042618,2813.0150218120643,Kim Chuan Road,1.3399,103.8878
2022,S107,104744,2960.599999999991,0.02826510349041464,2914,1.0159917638984182,37.2,2914,1351,567,113,40,0.027820209272130147,0.027820209272130147,0.012898113495761093,0.005413197892003361,0.001078820743908959,0.0003818834491713129,105120,99.64231354642314,2971.2276789123866,East Coast Parkway,1.3135,103.9625
2022,S84,104291,2767.00000999999,0.026531532059333885,2910,0.9508591099656324,17.2,2910,1508,605,98,13,0.027902695342838787,0.027902695342838787,0.014459541091752884,0.005801075835882291,0.0009396783998619248,0.00012465121630821451,105120,99.21137747336377,2788.994650077178,Simei Avenue,1.3437,103.9444
2022,S207,104952,2398.3319899999956,0.022851703540666166,2864,0.8374064210893839,13.869,2864,2864,606,79,7,0.02728866529461087,0.02728866529461087,0.02728866529461087,0.005774068145437915,0.0007527250552633584,6.669715679548746e-05,105120,99.84018264840182,2402.1710761948275,Bedok Road,1.32485,103.95836
2022,S08,104857,3493.2000699999858,0.03331394251218312,3484,1.0026406630309947,13.2,3484,1707,813,131,12,0.033226203305454095,0.033226203305454095,0.016279313732035058,0.007753416557788226,0.0012493205031614484,0.0001144415728086823,105120,99.7498097412481,3501.9616368806896,Upper Thomson Road,1.3701,103.8271
2022,S118,104424,2507.3999599999916,0.024011721060292573,3093,0.8106692402198485,10.8,3093,1471,594,63,2,0.029619627671799587,0.029619627671799587,0.014086799969355704,0.0056883475063203865,0.0006033095840036773,1.9152685206465947e-05,105120,99.337899543379,2524.112117857955,Handy Road,1.2994,103.8461
2022,S119,103017,2534.000019999991,0.02459788209712951,3033,0.8354764325750053,11.8,3033,1480,610,63,1,0.02944174262500364,0.02944174262500364,0.014366560858887368,0.005921352786433307,0.0006115495500742595,9.707135715464437e-06,105120,97.99942922374429,2585.729366050254,Nicoll Highway,1.30105,103.8666
2022,S218,104931,3280.115990000008,0.031259742020947175,3320,0.987986743975906,12.444,3320,3320,918,113,5,0.031639839513585115,0.031639839513585115,0.031639839513585115,0.008748606226949137,0.0010768981521190116,4.76503607132306e-05,105120,99.82020547945206,3286.024081241967,Bukit Batok Street 34,1.36491,103.75065
2022,S50,104715,3146.2000099999877,0.03004536131404276,3498,0.8994282475700365,13.8,3498,1735,780,94,7,0.033404956309984246,0.033404956309984246,0.016568781931910425,0.0074487895716946,0.0008976746406914004,6.684811154084897e-05,105120,99.61472602739725,3158.368381332175,Clementi Road,1.3337,103.7768
2022,S64,35485,1253.2000099999998,0.035316331125827806,1476,0.8490514972899728,8.60001,1476,736,306,27,0,0.04159504015781316,0.04159504015781316,0.020741158235874312,0.008623361983936874,0.0007608848809356066,0.0,105120,33.75665905631659,3712.452727947019,Bukit Panjang Road,1.3824,103.7603
2022,S109,100199,3084.800069999988,0.03078673509715654,3222,0.9574177746741117,11.6,3222,1642,725,107,7,0.032156009541013386,0.032156009541013386,0.016387389095699558,0.007235601153704129,0.001067874928891506,6.986097665645365e-05,105120,95.31868340943683,3236.3015934130954,Ang Mo Kio Avenue 5,1.3764,103.8492
2022,S24,104842,2207.0000199999918,0.02105072413727315,2962,0.7451046657663712,10.0,2962,1373,511,52,0,0.028252036397626905,0.028252036397626905,0.013095896682627192,0.004874000877510921,0.000495984433719311,0.0,105120,99.7355403348554,2212.852121310154,Upper Changi Road North,1.3678,103.9826
2022,S60,34493,946.4000100000013,0.027437451366944057,1276,0.7416927978056437,11.0,1276,561,239,15,1,0.03699301307511669,0.03699301307511669,0.016264169541646133,0.006928942104195054,0.0004348708433595222,2.899138955730148e-05,105120,32.81297564687976,2884.224887693159,Sentosa,1.25,103.8279
2022,S211,104799,2935.3799899999913,0.02800961831696859,3366,0.8720677332144954,13.195,3366,3366,814,79,7,0.03211862708613632,0.03211862708613632,0.03211862708613632,0.007767249687497018,0.0007538239868701037,6.679453048216109e-05,105120,99.69463470319634,2944.3710774797382,Kranji Road,1.42918,103.75711
2022,S81,104959,2946.3999899999862,0.028071913699634965,3343,0.881364041280283,11.8,3343,1620,693,94,6,0.03185053211253918,0.03185053211253918,0.015434598271706094,0.006602578149563163,0.0008955878009508475,5.716517878409665e-05,105120,99.84684170471841,2950.919568105627,Punggol Central,1.4029,103.9092
2023,S220,102013,2282.328980000002,0.022372922862772412,2967,0.7692379440512309,9.13499,2967,2967,631,48,0,0.029084528442453413,0.029084528442453413,0.029084528442453413,0.006185486163528178,0.00047052826600531305,0.0,105120,97.0443302891933,2351.841651334636,Compassvale Lane,1.38666,103.89797
2023,S33,89283,2189.399989999994,0.024522025357570802,2887,0.7583650813993744,13.2,2887,1124,496,65,4,0.03233538299564307,0.03233538299564307,0.01258918271115442,0.005555368883214049,0.0007280221318728089,4.4801361961403626e-05,105120,84.93436073059361,2577.755305587843,Jurong Pier Road,1.3081,103.71
2023,S50,101941,3097.400019999989,0.030384242061584535,3523,0.8791938745387423,13.2,3523,1758,766,86,3,0.034559205815128356,0.034559205815128356,0.017245269322451223,0.007514150341864412,0.0008436252342040985,2.9428787239677852e-05,105120,96.97583713850837,3193.9915255137666,Clementi Road,1.3337,103.7768
2023,S208,102010,1700.5439999999999,0.016670365650426427,2198,0.7736778889899908,10.812,2198,2198,484,31,1,0.02154690716596412,0.02154690716596412,0.02154690716596412,0.004744632879129497,0.00030389177531614547,9.802960494069209e-06,105120,97.04147640791476,1752.388837172826,Changi East Close,1.3136,104.00317
2023,S35,101720,3143.2000199999884,0.030900511403853602,3554,0.8844119358469298,10.6,3554,1758,762,90,2,0.03493904836806921,0.03493904836806921,0.01728273692489186,0.0074911521824616596,0.0008847817538340543,1.9661816751867873e-05,105120,96.76560121765601,3248.26175877309,Old Toh Tuck Road,1.3329,103.7556
2023,S61,18740,797.6000000000007,0.04256136606189972,1257,0.6345266507557683,9.39999,1257,499,180,13,0,0.06707577374599787,0.06707577374599787,0.026627534685165422,0.0096051227321238,0.0006937033084311633,0.0,105120,17.82724505327245,4474.050800426899,Chai Chee Street,1.323,103.9217
2023,S90,102007,2979.199999999991,0.0292058388149832,3478,0.8565842438182838,14.2,3478,1718,709,83,6,0.03409569931475291,0.03409569931475291,0.01684198143264678,0.006950503396825708,0.0008136696501220504,5.881949277990726e-05,105120,97.03862252663623,3070.1177762310335,Bukit Timah Road,1.3191,103.8191
2023,S111,95324,2521.599979999994,0.026452939238806535,3134,0.8045947606892132,11.2,3134,1506,602,58,2,0.032877344635139104,0.032877344635139104,0.01579874952792581,0.006315303596156267,0.0006084511770383114,2.09810750702866e-05,105120,90.68112633181126,2780.7329727833426,Scotts Road,1.31055,103.8365
2023,S204,82693,1689.8069999999952,0.02043470426759212,2198,0.7687929936305711,10.251,2198,2198,507,33,1,0.026580242584015576,0.026580242584015576,0.026580242584015576,0.006131111460462192,0.000399066426420616,1.209292201274594e-05,105120,78.66533485540334,2148.096112609284,S204,1.40081,103.88217
2023,S229,102015,3343.409999999989,0.032773709748566277,3584,0.9328710937499969,17.255,3584,3584,869,113,14,0.035132088418369845,0.035132088418369845,0.035132088418369845,0.008518355143851394,0.0011076802431015046,0.0001372347203842572,105120,97.04623287671232,3445.1723687692875,Jurong West Street 42,1.35167,103.72195
2023,S201,101976,3234.8000299999885,0.03172118959362976,3572,0.9055991125419901,10.8,3572,1776,775,108,2,0.03502784969012317,0.03502784969012317,0.017415862555895504,0.007599827410371068,0.0010590727229936455,1.961245783321566e-05,105120,97.00913242009132,3334.5314500823606,Clementi Park,1.32311,103.76714
2023,S217,102013,3039.3159600000067,0.02979341809377243,3440,0.8835220813953508,13.199,3440,1758,723,93,9,0.033721192397047434,0.033721192397047434,0.01723309774244459,0.007087332006705028,0.000911648515385294,8.82240498759962e-05,105120,97.0443302891933,3131.8841100173577,Bishan Street 13,1.35041,103.85526
2023,S24,94940,2104.3999899999953,0.022165578154623923,2435,0.864229975359341,12.4,2435,1225,500,53,3,0.02564777754371182,0.02564777754371182,0.01290288603328418,0.005266484095218032,0.0005582473140931114,3.1598904571308196e-05,105120,90.31582952815829,2330.045575614067,Upper Changi Road North,1.3678,103.9826
2023,S119,101945,2547.199999999994,0.024986021874540132,3112,0.8185089974293039,10.0,3112,1516,585,62,0,0.030526264162048164,0.030526264162048164,0.014870763647064593,0.005738388346657511,0.0006081710726372064,0.0,105120,96.97964231354642,2626.530619451659,Nicoll Highway,1.30105,103.8666
2023,S218,101978,3164.0400000000063,0.031026692031614723,3587,0.8820853080568738,11.22,3587,3587,850,97,7,0.035174253270313205,0.035174253270313205,0.035174253270313205,0.00833513110670929,0.000951185549824472,6.864225617290004e-05,105120,97.01103500761035,3261.52586636334,Bukit Batok Street 34,1.36491,103.75065
2023,S84,97594,2413.8000099999936,0.02473307795561196,2988,0.8078313286479228,10.8,2988,1470,585,64,2,0.03061663626862307,0.03061663626862307,0.01506240137713384,0.005994220956206324,0.000655778019140521,2.049306309814128e-05,105120,92.84056316590564,2599.941154693929,Simei Avenue,1.3437,103.9444
2023,S88,100901,2944.799979999991,0.029185042566475965,3427,0.8592938371753694,12.6,3427,1675,680,93,5,0.03396398449965808,0.03396398449965808,0.016600430124577556,0.006739279095350889,0.0009216955233347538,4.9553522759933e-05,105120,95.98649162861491,3067.931674587953,Toa Payoh North,1.3427,103.8482
2023,S112,100757,2638.7999799999916,0.026189743442142893,3257,0.8101934233957604,14.2,3257,1512,610,66,6,0.03232529749794059,0.03232529749794059,0.01500640154033963,0.006054169933602628,0.0006550413370783172,5.954921246166519e-05,105120,95.84950532724505,2753.065830638061,Lim Chu Kang Road,1.43854,103.70131
2023,S115,97259,2799.1999799999926,0.028780883825661303,3095,0.904426487883681,11.6,3095,1495,658,98,4,0.03182224781254177,0.03182224781254177,0.015371328103311776,0.006765440730420835,0.001007618832190337,4.1127299273074985e-05,105120,92.52187975646879,3025.446507753516,Tuas South Avenue 3,1.29377,103.61843
2023,S214,102015,2047.027000000005,0.020065941283144685,2904,0.7048991046831973,9.062,2904,1374,517,27,0,0.028466401999705924,0.028466401999705924,0.013468607557712101,0.0050678821741900705,0.0002646669607410675,0.0,105120,97.04623287671232,2109.331747684169,Tanjong Rhu,1.29911,103.88289
2023,S213,102014,3052.5999999999904,0.029923343854764937,3463,0.8814900375397027,14.4,3463,1774,720,89,9,0.03394632109318329,0.03394632109318329,0.017389770031564295,0.007057854804242555,0.0008724292744133158,8.822318505303194e-05,105120,97.04528158295281,3145.54190601289,Coronation Walk,1.32427,103.8097
2023,S89,101370,2984.000029999992,0.029436717273354958,3410,0.8750733225806429,11.4,3410,1677,657,107,6,0.03363914373088685,0.03363914373088685,0.01654335602249186,0.006481207457827759,0.0010555391141363322,5.918910920390648e-05,105120,96.43264840182648,3094.387719775073,Tuas Road,1.31985,103.66162
2023,S07,70619,2030.4000299999966,0.028751469576176334,2106,0.9641025783475767,11.2,2106,1044,461,81,2,0.0298220025772101,0.0298220025772101,0.014783556833146886,0.006527988218468118,0.0011470000991234653,2.8320990101813958e-05,105120,67.17941400304414,3022.3544818476566,Lornie Road,1.3415,103.8334
2023,S113,101942,2242.600019999995,0.021998783818249542,2939,0.763048662810478,9.0,2939,1373,545,46,0,0.028830119087324163,0.028830119087324163,0.0134684428400463,0.005346177238037315,0.0004512369778893881,0.0,105120,96.97678843226788,2312.512154974392,Marine Parade Road,1.30648,103.9104
2023,S226,102003,2988.3999899999917,0.029297177435957684,3147,0.9496027931363177,10.2,3147,1604,732,98,2,0.030852033763712833,0.030852033763712833,0.015725027695263866,0.007176259521778771,0.0009607560561944256,1.960726645294746e-05,105120,97.03481735159818,3079.7192920678717,Malan Road,1.27472,103.80389
2023,S227,102015,3028.3839799999937,0.029685673479390225,3244,0.9335339025893938,12.928,3244,3244,754,127,8,0.03179924520903789,0.03179924520903789,0.03179924520903789,0.007391069940694996,0.0012449149634857618,7.841984021957555e-05,105120,97.04623287671232,3120.5579961535004,Woodlands Drive 62,1.43944,103.80389
2023,S36,6217,149.00000999999995,0.023966544957374932,173,0.8612717341040459,16.0,173,84,23,5,2,0.027826926170178543,0.027826926170178543,0.013511339874537558,0.00369953353707576,0.0008042464211034261,0.00032169856844137045,105120,5.914193302891933,2519.363205919253,Upper Serangoon Road,1.3382,103.8657
2023,S205,82067,2111.808020000001,0.025732730817502783,2515,0.8396850974155073,11.016,2515,2515,553,61,1,0.030645691934638772,0.030645691934638772,0.030645691934638772,0.006738396675886775,0.000743295112530006,1.2185165779180425e-05,105120,78.06982496194826,2705.0246635358926,S205,1.38829,103.9116
2023,S207,102011,2511.494969999996,0.02461984462459927,2919,0.8603956731757438,10.854,2919,2919,648,91,4,0.02861456117477527,0.02861456117477527,0.02861456117477527,0.006352256129240964,0.0008920606601248885,3.921145758790719e-05,105120,97.04242770167427,2588.038066937875,Bedok Road,1.32485,103.95836
2023,S60,99489,2449.400009999994,0.024619807315381537,2720,0.9005147095588213,10.8,2720,1398,597,67,3,0.027339705897134355,0.027339705897134355,0.014051804722130084,0.006000663389922504,0.0006734412849661772,3.0154087386545245e-05,105120,94.64326484018265,2588.0341449929074,Sentosa,1.25,103.8279
2023,S66,101559,2839.8000699999907,0.02796207199755798,3375,0.8414222429629602,13.8,3375,1553,625,101,8,0.03323191445366733,0.03323191445366733,0.015291603895272699,0.006154058232160616,0.0009944958103171556,7.877194537165589e-05,105120,96.61244292237443,2939.3730083832947,Kranji Way,1.4387,103.7363
2023,S102,12741,259.39999999999986,0.020359469429401134,544,0.4768382352941174,9.2,544,155,52,4,0,0.04269680558825838,0.04269680558825838,0.012165450121654502,0.004081312298877639,0.00031394709991366455,0.0,105120,12.120433789954339,2140.187426418647,Semakau Landfill,1.189,103.768
2023,S223,102015,2807.489999999995,0.02752036465225697,3200,0.8773406249999983,14.007,3200,3200,756,90,7,0.03136793608783022,0.03136793608783022,0.03136793608783022,0.0074106749007498895,0.000882223202470225,6.86173601921286e-05,105120,97.04623287671232,2892.940732245253,Margaret Drive,1.29984,103.80264
2023,S228,102015,3533.5080299999877,0.034637141890898275,3730,0.947321187667557,17.622,3730,1934,852,130,8,0.036563250502377104,0.036563250502377104,0.01895799637308239,0.008351712983384796,0.0012743224035681028,7.841984021957555e-05,105120,97.04623287671232,3641.056355571227,Jurong West Street 73,1.34703,103.70073
2023,S77,102010,2463.5999799999936,0.02415057327712963,3132,0.7865900319284782,11.4,3132,1471,586,52,2,0.030702872267424762,0.030702872267424762,0.014420154886775807,0.0057445348495245565,0.0005097539456915989,1.9605920988138417e-05,105120,97.04147640791476,2538.708262891867,Alexandra Road,1.2937,103.8125
2023,S104,101914,2318.9999999999914,0.022754479266832734,3140,0.738535031847131,14.0,3140,1410,532,56,4,0.0308102910296917,0.0308102910296917,0.013835194379574936,0.005220087524775791,0.0005494828973448201,3.924877838177287e-05,105120,96.95015220700152,2391.9508605294573,Woodlands Avenue 9,1.44387,103.78538
2023,S94,102005,2493.000019999993,0.024439978628498536,3120,0.7990384679487157,12.4,3120,1521,588,55,3,0.030586735944316455,0.030586735944316455,0.014911033772854273,0.005764423312582717,0.0005391892554286555,2.9410323023381208e-05,105120,97.0367199391172,2569.1305534277662,Pasir Ris Street 51,1.3662,103.9528
2023,S212,102015,2403.9999799999946,0.0235651617899328,2919,0.8235697088043832,9.8,2919,1387,577,62,0,0.028613439200117628,0.028613439200117628,0.013596039798068912,0.005656030975836886,0.0006077537617017105,0.0,105120,97.04623287671232,2477.169807357736,Tampines Avenue 9,1.31835,103.93574
2023,S118,100627,2689.9999899999925,0.02673238782831638,3071,0.8759361738847257,14.4,3071,1566,649,77,4,0.03051864807655997,0.03051864807655997,0.015562423604002902,0.0064495612509565025,0.0007652021823168732,3.975076271775965e-05,105120,95.72583713850837,2810.1086085126176,Handy Road,1.2994,103.8461
2023,S222,102014,3087.5609900000004,0.030266051620365837,3305,0.934209074130106,13.467,3305,3305,827,106,16,0.03239751406669673,0.03239751406669673,0.03239751406669673,0.008106730448761935,0.0010390730684023762,0.00015684121787205678,105120,97.04528158295281,3181.5673463328567,Henderson Road,1.28987,103.82364
2023,S64,102005,3140.6000199999876,0.030788687025145704,3709,0.8467511512537038,10.6,3709,1814,729,83,4,0.036360962697906965,0.036360962697906965,0.017783441988137836,0.007146708494681633,0.0008136856036468801,3.921376403117494e-05,105120,97.0367199391172,3236.5067800833162,Bukit Panjang Road,1.3824,103.7603
2023,S78,101720,2363.800039999994,0.023238301612268916,3052,0.7745085321100899,10.2,3052,1428,545,59,1,0.030003932363350375,0.030003932363350375,0.01403853716083366,0.005357845064883996,0.0005800235941801022,9.830908375933937e-06,105120,96.76560121765601,2442.8102654817085,Poole Road,1.30703,103.89067
2023,S81,102007,2313.399989999993,0.022678835668140353,3116,0.7424261842105241,11.8,3116,1408,531,58,5,0.03054692325036517,0.03054692325036517,0.013802974305684904,0.005205525111021792,0.0005685884302057702,4.901624398325605e-05,105120,97.03862252663623,2383.999205434914,Punggol Central,1.4029,103.9092
2023,S900,101695,2590.1999899999937,0.025470278676434373,3158,0.8202026567447732,11.4,3158,1535,617,60,2,0.031053640788632677,0.031053640788632677,0.015094154088204926,0.006067161610698658,0.0005899995083337431,1.9666650277791434e-05,105120,96.7418188736682,2677.435694466781,Seletar Aerospace View,1.41284,103.86922
2023,S210,102014,2884.148999999997,0.02827209010527964,3351,0.8606830796777073,12.261,3351,3351,747,109,10,0.03284843256807889,0.03284843256807889,0.03284843256807889,0.00732252435940165,0.0010684807967533867,9.802576117003549e-05,105120,97.04528158295281,2971.9621118669957,Woodlands Centre,1.44003,103.76904
2023,S221,102009,2779.3260399999945,0.027245890460645576,3208,0.8663734538653349,11.286,3208,1573,662,93,3,0.031448205550490646,0.031448205550490646,0.015420208020860905,0.006489623464596261,0.0009116842631532512,2.9409169779137136e-05,105120,97.04052511415524,2864.0880052230627,Hougang Avenue 1,1.35691,103.89088
2023,S224,102015,2210.195949999994,0.021665401656619065,2821,0.7834795994328231,11.256,2821,2821,587,63,2,0.027652796157427828,0.027652796157427828,0.027652796157427828,0.005754055776111356,0.0006175562417291574,1.9604960054893888e-05,105120,97.04623287671232,2277.4670221437964,Airport Boulevard,1.34392,103.98409
2023,S117,94424,2444.6000099999937,0.02588960444378541,2712,0.9014011836283162,12.2,2712,1377,573,72,5,0.02872151148013217,0.02872151148013217,0.014583156824536135,0.006068372447682793,0.0007625180038973142,5.295263915953571e-05,105120,89.82496194824962,2721.5152191307225,Banyan Road,1.256,103.679
2023,S69,101673,3162.2000199999893,0.031101669273061572,3611,0.8757131044032095,12.6,3611,1790,760,105,5,0.035515820325946905,0.035515820325946905,0.017605460643435326,0.007474944183804943,0.0010327225517098935,4.917726436713779e-05,105120,96.7208904109589,3269.4074739842326,Upper Peirce Reservoir Park,1.37,103.805
2023,S107,101620,2091.799989999995,0.020584530505805894,2754,0.7595497421931717,9.39999,2754,1283,493,49,0,0.027100964377091124,0.027100964377091124,0.012625467427671719,0.004851407203306435,0.00048218854556189724,0.0,105120,96.67047184170472,2163.8458467703153,East Coast Parkway,1.3135,103.9625
2023,S123,101101,2681.6000099999924,0.02652397117733744,3349,0.8007166348163608,13.2,3349,1576,633,59,8,0.033125290551033124,0.033125290551033124,0.015588372024015588,0.006261065667006261,0.0005835748410005835,7.912879200007913e-05,105120,96.1767503805175,2788.1998501617113,Towner Road,1.3214,103.8577
2023,S219,102007,2934.3989899999983,0.028766643367612012,3329,0.8814656022829673,14.673,3329,3329,796,95,8,0.03263501524405188,0.03263501524405188,0.03263501524405188,0.0078033860421343635,0.0009313086356818649,7.842599037320968e-05,105120,97.03862252663623,3023.9495508033747,Yio Chu Kang Road,1.37999,103.87643
2023,S100,33990,1151.7999900000011,0.03388643689320392,1579,0.729449012032933,11.4,1579,717,255,27,1,0.04645483965872316,0.04645483965872316,0.021094439541041482,0.007502206531332745,0.000794351279788173,2.9420417769932333e-05,105120,32.33447488584475,3562.1422462135956,Woodlands Road,1.4172,103.74855
2023,S109,93470,2652.999989999992,0.028383438429442517,2986,0.8884795679839224,12.6,2986,1474,637,85,5,0.0319460789558147,0.0319460789558147,0.01576976570022467,0.006815020862308762,0.0009093826896330373,5.349309939017867e-05,105120,88.91742770167427,2983.6670477029975,Ang Mo Kio Avenue 5,1.3764,103.8492
2023,S106,52339,1259.2000000000005,0.024058541431819493,1577,0.7984781230183897,13.0,1577,765,321,23,1,0.030130495424062362,0.030130495424062362,0.014616251743441793,0.006133093868816752,0.0004394428628747206,1.9106211429335678e-05,105120,49.78976407914764,2529.0338753128653,Pulau Ubin,1.4168,103.9673
2023,S114,101719,3051.5999399999887,0.030000294340290296,3662,0.8333151119606741,13.4,3662,1796,741,76,6,0.03600114039658274,0.03600114039658274,0.017656485022463846,0.007284774722519883,0.000747156381796911,5.89860301418614e-05,105120,96.7646499238965,3153.630941051316,Choa Chu Kang Avenue 4,1.38,103.73
2023,S216,102013,3084.0720300000044,0.03023214717732058,3379,0.912717380881919,15.708,3379,3379,834,103,11,0.03312322939233235,0.03312322939233235,0.03312322939233235,0.008175428621842314,0.0010096752374697342,0.00010782939429288425,105120,97.0443302891933,3178.003311279939,Ang Mo Kio Avenue 10,1.36019,103.85335
2023,S230,102015,3142.0000099999907,0.030799392344263005,3345,0.9393124095665144,13.4,3345,1727,761,105,6,0.03278929569181003,0.03278929569181003,0.016928883007400874,0.007459687300887125,0.0010292604028819291,5.881488016468167e-05,105120,97.04623287671232,3237.6321232289274,West Coast Road,1.30167,103.76444
2023,S79,101128,2642.200039999993,0.026127284629380517,3246,0.8139864571780632,11.4,3246,1564,616,71,4,0.032097935289929595,0.032097935289929595,0.01546554861166047,0.0060912902460248395,0.0007020805316035124,3.955383276639507e-05,105120,96.20243531202435,2746.5001602404795,Somerset Road,1.3004,103.8372
2023,S116,95510,2403.3999899999935,0.025163857083027888,2918,0.8236463296778593,14.2,2918,1458,593,49,4,0.03055177468327924,0.03055177468327924,0.015265417233797507,0.006208773950371689,0.0005130352842634279,4.1880431368443094e-05,105120,90.85806697108067,2645.2246565678915,West Coast Highway,1.281,103.754
2023,S121,99997,3215.4000099999885,0.032154964748942354,3634,0.884810129334064,15.2,3634,1821,775,98,9,0.03634109023270698,0.03634109023270698,0.018210546316389492,0.007750232506975209,0.0009800294008820265,9.000270008100243e-05,105120,95.12652207001523,3380.1298944088203,Old Choa Chu Kang Road,1.37288,103.72244
2023,S44,86749,2860.200009999992,0.032970985371589205,3240,0.882777780864195,13.8,3240,1608,686,78,3,0.03734913370759317,0.03734913370759317,0.01853623672895365,0.007907872136854604,0.0008991458114790948,3.458253121073442e-05,105120,82.52378234398782,3465.909982261457,Nanyang Avenue,1.34583,103.68166
2023,S108,33928,1075.0000200000004,0.03168474475359586,1406,0.7645803840682791,10.2,1406,686,259,16,2,0.041440697948597026,0.041440697948597026,0.020219287903796273,0.007633812780004716,0.0004715868898844612,5.894836123555765e-05,105120,32.275494672754945,3330.7003684979973,Marina Gardens Drive,1.2799,103.8703
2023,S209,101103,2418.3439899999967,0.023919606638774286,2935,0.8239672879045985,12.726,2935,2935,670,66,4,0.029029801291751974,0.029029801291751974,0.029029801291751974,0.0066269052352551355,0.0006527996201893119,3.956361334480678e-05,105120,96.17865296803653,2514.429049867953,Yishun Ring Road,1.42111,103.84472
2023,S202,14153,460.56000000000023,0.03254151063378791,588,0.7832653061224494,12.524,588,588,103,20,2,0.04154596198685791,0.04154596198685791,0.04154596198685791,0.007277608987493817,0.0014131279587366635,0.00014131279587366636,105120,13.463660578386605,3420.763597823785,S202,1.30968,103.7578
2023,S215,101375,2030.0000000000052,0.020024660912453814,2876,0.7058414464534093,10.353,2876,2876,582,29,1,0.02836991368680641,0.02836991368680641,0.02836991368680641,0.005741060419235512,0.00028606658446362514,9.864364981504317e-06,105120,96.43740487062405,2104.9923551171446,GEYLANG EAST CENTRAL,1.32785,103.88899
2023,S08,101813,2999.7999699999914,0.02946382063194279,3444,0.8710220586527269,14.6,3444,1690,693,103,5,0.03382672153850687,0.03382672153850687,0.016599059059255693,0.006806596407138578,0.0010116586290552286,4.910964218714703e-05,105120,96.85407153729072,3097.2368248298258,Upper Thomson Road,1.3701,103.8271
2023,S120,101981,3069.1999999999907,0.030095802159225648,3551,0.864319909884537,12.0,3551,1752,723,95,8,0.03482021160804464,0.03482021160804464,0.01717967072297781,0.007089555897667212,0.0009315460723075867,7.844598503642836e-05,105120,97.01388888888889,3163.6707229778003,Holland Road,1.30874,103.818
2023,S203,102015,3311.6759300000017,0.0324626371612018,3313,0.9996003410805921,12.462,3313,3313,841,137,19,0.032475616330931725,0.032475616330931725,0.032475616330931725,0.00824388570308288,0.0013429397637602313,0.00018624712052149194,105120,97.04623287671232,3412.4724183855333,Pasir Panjang,1.29164,103.7702
2023,S211,102015,3033.2260199999955,0.029733137479782342,3345,0.9067940269058282,14.21,3345,3345,766,110,10,0.03278929569181003,0.03278929569181003,0.03278929569181003,0.007508699701024359,0.0010782728030191639,9.802480027446944e-05,105120,97.04623287671232,3125.5474118747197,Kranji Road,1.42918,103.75711
2023,S40,99945,2907.0000299999906,0.029085997598679178,3288,0.8841240967153257,13.8,3288,1668,666,81,11,0.03289809395167342,0.03289809395167342,0.016689179048476662,0.006663665015758667,0.0008104457451598379,0.00011006053329331133,105120,95.07705479452055,3057.5200675731553,Mandai Lake Road,1.4044,103.78962
2023,S43,101549,2553.800029999992,0.025148450797152038,3176,0.8040932084382847,12.4,3176,1532,640,52,4,0.03127554185664064,0.03127554185664064,0.0150863130114526,0.0063023761927739315,0.000512068065662882,3.9389851204837076e-05,105120,96.6029299847793,2643.6051477966225,Kim Chuan Road,1.3399,103.8878
2023,S71,102006,3097.4000299999893,0.030364880791325898,3330,0.930150159159156,11.6,3330,1646,723,101,5,0.03264513852126345,0.03264513852126345,0.0161363057075074,0.007087818363625669,0.000990137835029312,4.901672450640158e-05,105120,97.03767123287672,3191.9562687841785,Kent Ridge Road,1.2923,103.7815
2023,S91,1,0.0,0.0,0,,0.0,0,0,0,0,0,0.0,0.0,0.0,0.0,0.0,0.0,105120,0.0009512937595129375,0.0,Yishun Avenue 5,1.4301,103.8308
2024,S06,15634,569.1999900000005,0.03640782845081236,609,0.9346469458128087,9.2,609,279,144,21,0,0.03895356274785723,0.03895356274785723,0.017845720864781884,0.009210694639887424,0.0013432263016502494,0.0,105408,14.831891317547056,3837.67638134323,Paya Lebar,1.3524,103.9007
2024,S119,104287,2210.1999799999953,0.021193437149404963,2855,0.7741506059544642,10.0,2855,1384,529,50,0,0.02737637481181739,0.02737637481181739,0.013271069260789935,0.005072540201559159,0.00047944614381466527,0.0,105408,98.93651335761992,2233.957823044478,Nicoll Highway,1.30105,103.8666
2024,S69,98410,2739.2000099999914,0.02783456975917073,3339,0.820365381850851,11.6,3339,1596,597,90,8,0.033929478711513056,0.033929478711513056,0.016217864038207498,0.006066456660908444,0.000914541205162077,8.12925515699624e-05,105408,93.36103521554341,2933.986329174668,Upper Peirce Reservoir Park,1.37,103.805
2024,S112,84894,2480.199979999995,0.02921525643743957,2633,0.9419673300417755,13.8,2633,1378,564,80,6,0.031015148302589113,0.031015148302589113,0.016232006973402126,0.006643579051523076,0.0009423516385139115,7.067637288854337e-05,105408,80.53847905282332,3079.52175055763,Lim Chu Kang Road,1.43854,103.70131
2024,S114,92569,2624.4000199999937,0.028350743985567455,2836,0.9253878772919583,13.6,2836,1436,603,89,3,0.03063660620726161,0.03063660620726161,0.01551275264937506,0.006514059782432564,0.0009614449761799306,3.240825762404261e-05,105408,87.8197100789314,2988.3952220306946,Choa Chu Kang Avenue 4,1.38,103.73
2024,S117,100037,2556.600019999992,0.02555654427861683,3076,0.8311443498049389,9.8,3076,1553,595,71,0,0.03074862300948649,0.03074862300948649,0.01552425602527065,0.0059477993142537265,0.0007097373971630496,0.0,105408,94.9045613236187,2693.864219320443,Banyan Road,1.256,103.679
2024,S219,105100,2775.4079999999985,0.026407307326355836,3351,0.828232766338406,11.658,3351,3351,774,80,5,0.03188392007611798,0.03188392007611798,0.03188392007611798,0.007364414843006661,0.0007611798287345385,4.757373929590866e-05,105408,99.70780206435944,2783.541450656516,Yio Chu Kang Road,1.37999,103.87643
2024,S224,105076,2044.5719899999945,0.01945803028284284,2569,0.7958629778123762,10.854,2569,2569,601,41,1,0.024448970269138528,0.024448970269138528,0.024448970269138528,0.005719669572499905,0.00039019376451330466,9.516921085690357e-06,105408,99.68503339404978,2051.032056053898,Airport Boulevard,1.34392,103.98409
2024,S226,103865,2684.399999999992,0.025845087373032222,3096,0.8670542635658889,12.6,3096,1554,655,70,3,0.02980792374717181,0.02980792374717181,0.014961729167669571,0.006306262937466904,0.0006739517643094402,2.888364704183315e-05,105408,98.5361642380085,2724.2789698165807,Malan Road,1.27472,103.80389
2024,S33,99049,2814.39995999999,0.02841421882098749,3516,0.8004550511945364,12.0,3516,1551,654,79,3,0.03549758200486628,0.03549758200486628,0.015658916293955518,0.006602792557219154,0.0007975850336702036,3.0288039253298873e-05,105408,93.96725106253795,2995.0859774826495,Jurong Pier Road,1.3081,103.71
2024,S217,105052,2840.149020000008,0.02703564920229989,3384,0.8392875354609953,13.002,3384,1767,667,82,8,0.032212618512736546,0.032212618512736546,0.01682024140425694,0.006349236568556524,0.00078056581502494,7.615276244145757e-05,105408,99.66226472374014,2849.773711116027,Bishan Street 13,1.35041,103.85526
2024,S78,103617,2323.1999699999947,0.022421031008425206,2901,0.8008272905894501,12.6,2901,1446,527,57,3,0.02799733634442225,0.02799733634442225,0.013955239005182547,0.005086038005346613,0.0005501027823619676,2.8952778019050928e-05,105408,98.30088797814207,2363.356036536084,Poole Road,1.30703,103.89067
2024,S104,102042,2866.9999999999905,0.028096274083220543,3155,0.908716323296352,14.2,3155,1595,668,99,6,0.030918641343760413,0.030918641343760413,0.015630818682503284,0.0065463240626408735,0.0009701887458105486,5.8799317927912035e-05,105408,96.80669398907104,2961.5720585641106,Woodlands Avenue 9,1.44387,103.78538
2024,S115,101418,2458.3999999999924,0.024240272929854586,2894,0.8494816862474058,12.0,2894,1418,595,60,2,0.028535368475024157,0.028535368475024157,0.013981738941805202,0.005866808653296259,0.0005916109566349169,1.9720365221163897e-05,105408,96.21470856102003,2555.118688990112,Tuas South Avenue 3,1.29377,103.61843
2024,S227,105089,3153.8259599999938,0.030010999819200808,3380,0.933084603550294,13.332,3380,3380,812,122,12,0.03216321403762525,0.03216321403762525,0.03216321403762525,0.007726783964068552,0.0011609207433699055,0.00011418892557736776,105408,99.69736642380084,3163.3994689423184,Woodlands Drive 62,1.43944,103.80389
2024,S81,104394,2353.999989999992,0.022549188554897716,3137,0.7503984666879159,9.39999,3137,1544,555,47,0,0.030049619709945016,0.030049619709945016,0.014790122037665,0.005316397494108857,0.00045021744544705635,0.0,105408,99.03802367941712,2376.8648671946585,Punggol Central,1.4029,103.9092
2024,S210,103306,3091.3800499999993,0.02992449664104698,3252,0.9506088714637144,14.673,3252,3252,825,117,8,0.03147929452306739,0.03147929452306739,0.03147929452306739,0.007985983389154551,0.0011325576442801,7.743983892513504e-05,105408,98.00584395871282,3154.28134193948,Woodlands Centre,1.44003,103.76904
2024,S228,105103,3315.3119999999917,0.031543457370388966,3487,0.9507634069400607,12.87,3487,1869,800,109,4,0.03317697877320343,0.03317697877320343,0.017782556159196217,0.007611581020522725,0.0010370779140462213,3.8057905102613624e-05,105408,99.71064814814815,3324.93275449796,Jurong West Street 73,1.34703,103.70073
2024,S212,62503,1462.7999899999995,0.023403676463529744,1717,0.8519510716365751,10.0,1717,934,387,24,0,0.02747068140729245,0.02747068140729245,0.014943282722429323,0.006191702798265683,0.0003839815688846935,0.0,105408,59.296258348512445,2466.934728667743,Tampines Avenue 9,1.31835,103.93574
2024,S08,100583,2645.4000099999894,0.026300667210164635,3201,0.826429243986251,11.2,3201,1584,639,70,4,0.03182446337850332,0.03182446337850332,0.015748188063589276,0.006352962230197946,0.0006959426543252836,3.976815167573049e-05,105408,95.42254857316333,2772.3007292890334,Upper Thomson Road,1.3701,103.8271
2024,S109,103495,2689.3999799999897,0.02598579622203961,3404,0.7900704994124529,12.8,3404,1681,627,70,5,0.03289047780085994,0.03289047780085994,0.016242330547369437,0.006058263684235954,0.0006763611768684477,4.8311512633460555e-05,105408,98.18514723740134,2739.110808172751,Ang Mo Kio Avenue 5,1.3764,103.8492
2024,S118,2413,156.59999999999997,0.06489846663903853,287,0.5456445993031358,4.0,287,149,37,0,0,0.11893907998342312,0.11893907998342312,0.06174886033982594,0.01533360961458765,0.0,0.0,105408,2.289200060716454,6840.817571487773,Handy Road,1.2994,103.8461
2024,S123,77942,1676.3999999999953,0.021508301044366265,2309,0.7260285838025099,9.8,2309,1082,387,33,0,0.029624592645813554,0.029624592645813554,0.013882117471966333,0.004965230556054502,0.00042339175284185674,0.0,105408,73.94315421979357,2267.146996484559,Towner Road,1.3214,103.8577
2024,S50,104795,2805.7999899999913,0.026774178061930352,3307,0.8484426942848478,11.4,3307,1636,651,78,4,0.03155684908631137,0.03155684908631137,0.015611431843122286,0.006212128441242425,0.000744310320148862,3.8169760007633955e-05,105408,99.4184502125076,2822.2125611519546,Clementi Road,1.3337,103.7768
2024,S900,103948,2691.000009999991,0.025887944068187854,3359,0.801131292051203,12.4,3359,1681,620,69,8,0.03231423404009697,0.03231423404009697,0.016171547312117597,0.005964520721899411,0.0006637934351791281,7.696155770192789e-05,105408,98.61490588949606,2728.7964083395455,Seletar Aerospace View,1.41284,103.86922
2024,S113,100691,1995.7999999999956,0.019821036636839397,2568,0.7771806853582538,9.8,2568,1249,506,27,0,0.025503768956510513,0.025503768956510513,0.012404286381106553,0.005025275347349813,0.00026814710351471334,0.0,105408,95.52500758955676,2089.295829815967,Marine Parade Road,1.30648,103.9104
2024,S215,95378,1986.1520100000034,0.02082400564071383,2599,0.764198541746827,11.977,2599,2599,583,41,2,0.02724947052779467,0.02724947052779467,0.02724947052779467,0.006112520707081298,0.0004298685231395081,2.096919625070771e-05,105408,90.48459319975713,2195.0167865763633,GEYLANG EAST CENTRAL,1.32785,103.88899
2024,S218,105098,3034.908030000006,0.02887693419475162,3455,0.8784104283646906,12.24,3455,3455,803,97,11,0.03287407943062665,0.03287407943062665,0.03287407943062665,0.007640487925555196,0.0009229481055776514,0.00010466421815829036,105408,99.70590467516698,3043.859879600379,Bukit Batok Street 34,1.36491,103.75065
2024,S221,105056,2834.964029999995,0.026985265287084937,3222,0.8798771042830524,12.078,3222,1681,671,84,8,0.03066935729515687,0.03066935729515687,0.016000989948218095,0.006387069753274444,0.0007995735607675906,7.614986293024673e-05,105408,99.66605950212508,2844.462843381049,Hougang Avenue 1,1.35691,103.89088
2024,S24,104716,2441.800009999992,0.023318308663432447,2982,0.8188464151576097,12.8,2982,1477,544,67,4,0.028477023568509112,0.028477023568509112,0.014104816837923527,0.005195003628862829,0.0006398258145842087,3.819855609457963e-05,105408,99.34350333940498,2457.9362795950874,Upper Changi Road North,1.3678,103.9826
2024,S209,104978,2700.537979999995,0.02572479929128003,3307,0.8166126338070744,12.726,3307,3307,747,73,5,0.03150183848044352,0.03150183848044352,0.03150183848044352,0.00711577663891482,0.0006953837946998419,4.7629027034235745e-05,105408,99.5920613236187,2711.599643695245,Yishun Ring Road,1.42111,103.84472
2024,S40,98222,2545.199989999992,0.0259127282075298,3172,0.8023959615384589,12.4,3172,1497,605,69,5,0.032294190710838715,0.032294190710838715,0.0152409847081102,0.006159516198000448,0.0007024902771273239,5.090509254545825e-05,105408,93.18268063145112,2731.408854899301,Mandai Lake Road,1.4044,103.78962
2024,S79,91402,2237.599969999995,0.02448086442309791,2725,0.821137603669723,9.60001,2725,1329,545,59,0,0.029813352005426577,0.029813352005426577,0.014540163234940154,0.005962670401085316,0.0006455000984661167,0.0,105408,86.71258348512447,2580.4789571099045,Somerset Road,1.3004,103.8372
2024,S213,104579,2890.39997999999,0.027638435823635624,3370,0.8576854540059318,13.4,3370,1681,691,79,6,0.032224442765756034,0.032224442765756034,0.01607397278612341,0.006607445089358284,0.0007554097859034796,5.737289513190985e-05,105408,99.2135321797207,2913.312243297784,Coronation Walk,1.32427,103.8097
2024,S44,94894,2736.0000299999906,0.02883217094863733,3107,0.8805922207917575,11.4,3107,1585,682,71,6,0.03274179610934306,0.03274179610934306,0.01670284738761144,0.007186966510000632,0.0007482032583724998,6.322844436950702e-05,105408,90.02542501517911,3039.1414753539634,Nanyang Avenue,1.34583,103.68166
2024,S35,104750,2913.9999999999923,0.027818615751789903,3306,0.8814277071990297,12.2,3306,1596,670,90,6,0.031560859188544156,0.031560859188544156,0.015236276849642004,0.00639618138424821,0.0008591885441527447,5.727923627684964e-05,105408,99.37575895567699,2932.3046491646696,Old Toh Tuck Road,1.3329,103.7556
2024,S94,95726,2223.5999799999954,0.023228798654492983,2629,0.8457968733358674,12.4,2629,1382,518,63,1,0.027463802937550928,0.027463802937550928,0.014437039048952218,0.00541127802268976,0.0006581284081649708,1.0446482669285251e-05,105408,90.81473891924712,2448.5012085727963,Pasir Ris Street 51,1.3662,103.9528
2024,S120,31381,968.4000000000009,0.030859437239093748,1287,0.7524475524475531,7.8,1287,649,218,20,0,0.04101207737165801,0.04101207737165801,0.020681303973742075,0.006946878684554348,0.0006373283196838852,0.0,105408,29.77098512446873,3252.8315604983936,Holland Road,1.30874,103.818
2024,S229,105096,3135.3350099999916,0.02983305749029451,3399,0.9224286584289472,11.368,3399,3399,827,116,3,0.03234185887188856,0.03234185887188856,0.03234185887188856,0.007868995965593362,0.0011037527593818985,2.8545329984014616e-05,105408,99.7040072859745,3144.6429239369636,Jurong West Street 42,1.35167,103.72195
2024,S230,105101,2729.0000199999918,0.02596550004281588,3189,0.8557541611790505,10.8,3189,1589,643,77,1,0.030342242224146297,0.030342242224146297,0.01511879049676026,0.006117924662943264,0.0007326286143804531,9.514657329616274e-06,105408,99.70875075895567,2736.9714285131363,West Coast Road,1.30167,103.76444
2024,S211,103686,3264.0369999999903,0.03148001658854609,3354,0.9731774001192577,12.586,3354,3354,850,134,5,0.03234766506567907,0.03234766506567907,0.03234766506567907,0.008197828057789866,0.0012923634820515787,4.822251798699921e-05,105408,98.36634790528232,3318.2455885654667,Kranji Road,1.42918,103.75711
2024,S116,97235,2447.5999799999927,0.025172005759242996,2896,0.8451657389502737,9.39999,2896,1450,592,47,0,0.029783514166709518,0.029783514166709518,0.014912325808608011,0.0060883426749627195,0.0004833650434514321,0.0,105408,92.2463190649666,2653.3307830702856,West Coast Highway,1.281,103.754
2024,S121,100586,2734.199979999989,0.027182709124530142,3245,0.8425885916795035,11.2,3245,1618,644,65,5,0.03226095082814706,0.03226095082814706,0.016085737577794128,0.006402481458652297,0.0006462131907024834,4.970870697711411e-05,105408,95.42539465695204,2865.275003398473,Old Choa Chu Kang Road,1.37288,103.72244
2024,S88,102054,2650.5999999999917,0.025972524349853917,3327,0.7966937180643198,13.4,3327,1659,616,64,3,0.03260038802986654,0.03260038802986654,0.01625609971191722,0.006036020146197111,0.0006271189762282713,2.939620201070022e-05,105408,96.81807832422587,2737.711846669402,Toa Payoh North,1.3427,103.8482
2024,S90,102547,2724.5999999999926,0.026569280427511215,3315,0.8219004524886856,14.4,3315,1668,647,71,5,0.03232664046729792,0.03232664046729792,0.01626571230752728,0.006309302076121193,0.0006923654519391108,4.875813041824724e-05,105408,97.28578476017,2800.6147113031025,Bukit Timah Road,1.3191,103.8191
2024,S92,9346,322.40000000000003,0.034496041087096085,364,0.8857142857142858,10.0,364,194,83,3,0,0.03894714316285042,0.03894714316285042,0.02075754333404665,0.00888080462229831,0.00032099293815536056,0.0,105408,8.86649969641773,3636.1586989086245,South Buona Vista Road,1.2841,103.7886
2024,S107,102038,2106.7999799999966,0.020647209666986775,2642,0.7974261847085529,11.2,2642,1353,513,40,1,0.02589231462788373,0.02589231462788373,0.01325976596954076,0.005027538760069778,0.00039201081949861814,9.800270487465453e-06,105408,96.80289921068609,2176.381076577742,East Coast Parkway,1.3135,103.9625
2024,S07,102540,2661.5999899999883,0.025956699726935716,3531,0.7537807958085495,12.0,3531,1632,623,68,2,0.03443534230544178,0.03443534230544178,0.015915740198946753,0.006075677784279305,0.0006631558416227814,1.9504583577140627e-05,105408,97.27914389799636,2736.04380481684,Lornie Road,1.3415,103.8334
2024,S102,6569,29.000000000000004,0.004414674988582738,105,0.2761904761904762,0.6,105,32,0,0,0,0.01598416806210991,0.01598416806210991,0.00487136550464302,0.0,0.0,0.0,105408,6.231974802671524,465.34206119652924,Semakau Landfill,1.189,103.768
2024,S108,51263,689.3999800000009,0.013448295651834676,1000,0.6893999800000009,11.6,1000,389,143,19,2,0.019507246942239043,0.019507246942239043,0.007588319060530987,0.002789536312740183,0.0003706376919025418,3.901449388447808e-05,105408,48.63293108682453,1417.5579480685894,Marina Gardens Drive,1.2799,103.8703
2024,S208,105084,1430.2439999999986,0.013610483042137704,1944,0.7357222222222215,7.752,1944,1944,446,16,0,0.018499486125385406,0.018499486125385406,0.018499486125385406,0.0042442236686841,0.00015225914506490046,0.0,105408,99.69262295081967,1434.6537965056511,Changi East Close,1.3136,104.00317
2024,S60,94047,1870.1999699999967,0.019885801460971606,2510,0.745099589641433,10.4,2510,1147,476,35,1,0.026688783267940497,0.026688783267940497,0.012196029644752093,0.00506129913766521,0.000372154348357736,1.0632981381649601e-05,105408,89.22188069216757,2096.122560398095,Sentosa,1.25,103.8279
2024,S71,100923,2707.799969999992,0.026830355518563578,3191,0.8485741052961429,13.2,3191,1576,604,84,4,0.03161816434311306,0.03161816434311306,0.015615865560873141,0.005984760659116356,0.0008323177075592283,3.963417655043944e-05,105408,95.74510473588343,2828.134114500749,Kent Ridge Road,1.2923,103.7815
2024,S89,103787,2928.199979999989,0.02821355256438657,3365,0.8701931589895955,11.6,3365,1701,682,78,4,0.03242217233372195,0.03242217233372195,0.016389335851310857,0.006571150529449739,0.0007515392101130199,3.85404723134882e-05,105408,98.46216605950212,2973.9341487068596,Tuas Road,1.31985,103.66162
2024,S106,15654,540.4000100000005,0.03452152868276482,637,0.8483516640502363,9.60001,637,320,141,13,0,0.040692474766832756,0.040692474766832756,0.020442059537498402,0.009007282483710233,0.0008304586687108727,0.0,105408,14.850865209471767,3638.8452953928745,Pulau Ubin,1.4168,103.9673
2024,S203,100007,2845.5570000000007,0.02845357824952254,3175,0.8962384251968506,11.256,3175,3175,737,110,3,0.03174777765556411,0.03174777765556411,0.03174777765556411,0.007369484136110473,0.0010999230053896228,2.999790014698971e-05,105408,94.87610048573163,2999.2347761256724,Pasir Panjang,1.29164,103.7702
2024,S214,105101,1954.6340000000046,0.01859767271481722,2662,0.734272727272729,9.259,2662,1265,492,33,0,0.025328017811438522,0.025328017811438522,0.012036041521964587,0.004681211406171207,0.00031398369187733704,0.0,105408,99.70875075895567,1960.3434855234534,Tanjong Rhu,1.29911,103.88289
2024,S64,104378,3047.0000099999884,0.02919197541627535,3489,0.8733161392949236,13.2,3489,1717,726,96,8,0.033426584146084425,0.033426584146084425,0.016449826591810535,0.006955488704516277,0.0009197340435724003,7.664450363103335e-05,105408,99.02284456587735,3077.0677446787518,Bukit Panjang Road,1.3824,103.7603
2024,S207,104359,2647.5719799999956,0.025369848120430395,2861,0.9254009017825919,13.869,2861,2861,760,80,5,0.02741498097912015,0.02741498097912015,0.02741498097912015,0.0072825534932301,0.0007665845782347474,4.791153613967171e-05,105408,99.00481936854888,2674.1849506783274,Bedok Road,1.32485,103.95836
2024,S216,105098,3050.616000000007,0.029026394412833802,3385,0.901215952732646,15.912,3385,3385,830,85,8,0.03220803440598299,0.03220803440598299,0.03220803440598299,0.00789739100648918,0.0008087689584958801,7.611943138784753e-05,105408,99.70590467516698,3059.614182267985,Ang Mo Kio Avenue 10,1.36019,103.85335
2024,S223,103202,2614.436999999999,0.025333200906959157,3044,0.8588820630749011,10.353,3044,3044,755,65,1,0.029495552411774966,0.029495552411774966,0.029495552411774966,0.007315749694773357,0.0006298327551791632,9.689734695064048e-06,105408,97.9071797207043,2670.322041200751,Margaret Drive,1.29984,103.80264
2024,S84,102069,2559.600009999993,0.02507715378812365,2977,0.8597917400067158,11.2,2977,1535,613,65,2,0.029166544200491824,0.029166544200491824,0.015038846270660045,0.006005741214276617,0.0006368241091810442,1.959458797480136e-05,105408,96.83230874316939,2643.3326264985376,Simei Avenue,1.3437,103.9444
2024,S29,15655,658.9999900000005,0.04209517662088792,654,1.0076452446483188,9.39999,654,328,151,29,0,0.04177579048227403,0.04177579048227403,0.0209517725966145,0.009645480677099968,0.0018524433088470138,0.0,105408,14.851813904068003,4437.168377254555,Pasir Ris Drive 12,1.387,103.935
2024,S77,103474,2402.399999999994,0.023217426599918763,3021,0.7952333664349533,10.8,3021,1484,587,46,2,0.02919573999265516,0.02919573999265516,0.014341767013935868,0.005672922666563582,0.000444556120378066,1.932852697295939e-05,105408,98.16522465088039,2447.3025030442373,Alexandra Road,1.2937,103.8125
2024,S111,103201,2506.3999999999933,0.024286586370287043,3102,0.807994842037393,11.0,3102,1542,614,65,1,0.030057848276663985,0.030057848276663985,0.014941715681049602,0.00594955475237643,0.0006298388581505993,9.689828586932297e-06,105408,97.90623102610807,2560.0004961192167,Scotts Road,1.31055,103.8365
2024,S220,105085,2383.828990000002,0.02268476937717088,2997,0.7954050684017356,10.556,2997,2997,677,55,1,0.028519769710234573,0.028519769710234573,0.028519769710234573,0.0064424037683779795,0.000523385830518152,9.516106009420944e-06,105408,99.6935716454159,2391.156170508828,Compassvale Lane,1.38666,103.89797
2024,S66,101019,3208.999979999988,0.031766301190864966,3443,0.9320360092942167,13.6,3443,1788,723,117,8,0.034082697314366604,0.034082697314366604,0.017699640661657707,0.007157069462180382,0.001158197962759481,7.919302309466537e-05,105408,95.83617941712204,3348.422275926694,Kranji Way,1.4387,103.7363
2024,S43,104436,2611.200029999992,0.025002872859933276,3132,0.8337164846743269,10.2,3132,1541,627,65,1,0.02998965873836608,0.02998965873836608,0.014755448312842315,0.0060036768930253935,0.0006223907464858861,9.575242253629016e-06,105408,99.07786885245902,2635.5028224198472,Kim Chuan Road,1.3399,103.8878
2024,S222,105035,3020.2259899999985,0.02875447222354452,3164,0.9545594152970919,12.261,3164,3164,818,116,5,0.03012329223592136,0.03012329223592136,0.03012329223592136,0.007787880230399391,0.00110439377350407,4.760317989241681e-05,105408,99.64613691560413,3030.951408139381,Henderson Road,1.28987,103.82364
2024,S201,105093,3115.8000199999897,0.02964802622439163,3409,0.9139923789967702,12.6,3409,1657,712,116,4,0.03243793592342021,0.03243793592342021,0.01576698733502707,0.006774951709438307,0.0011037842672680389,3.806152645751858e-05,105408,99.70116120218579,3125.139148260673,Clementi Park,1.32311,103.76714
